latitude,longitude,bright_ti4,scan,track,acq_date,acq_time,satellite,instrument,confidence,version,bright_ti5,frp,daynight
-35.70743,137.1039,329.4,0.32,0.55,10/1/2019,518,N,VIIRS,n,1.0NRT,297.3,1.8,D
-35.82905,137.12091,327.8,0.46,0.39,10/20/2019,424,N,VIIRS,n,1.0NRT,292.9,2.6,D
-35.83794,137.92328,330.3,0.58,0.52,10/28/2019,512,N,VIIRS,l,1.0NRT,304.4,3.7,D
-35.83343,137.93365,337,0.51,0.41,10/29/2019,454,N,VIIRS,n,1.0NRT,304.3,3.6,D
-35.02196,137.62076,367,0.4,0.37,11/20/2019,442,N,VIIRS,l,1.0NRT,327.2,36.5,D
-35.01858,137.6199,367,0.4,0.37,11/20/2019,442,N,VIIRS,h,1.0NRT,338.6,56,D
-35.09825,137.71234,331.9,0.43,0.38,11/21/2019,424,N,VIIRS,l,1.0NRT,306.5,1.7,D
-35.82641,137.11774,339.1,0.52,0.5,12/8/2019,406,N,VIIRS,n,1.0NRT,308.8,1.4,D
-35.85132,137.12842,354.4,0.67,0.74,12/8/2019,548,N,VIIRS,n,1.0NRT,308,118.1,D
-35.84243,137.1328,367,0.67,0.74,12/8/2019,548,N,VIIRS,h,1.0NRT,308.5,49.7,D
-35.82919,137.12688,367,0.67,0.74,12/8/2019,548,N,VIIRS,h,1.0NRT,310.5,118.1,D
-35.83379,137.11212,350.5,0.67,0.74,12/8/2019,548,N,VIIRS,n,1.0NRT,302.6,96.2,D
-35.84036,137.11519,356.2,0.67,0.74,12/8/2019,548,N,VIIRS,n,1.0NRT,305.8,96.2,D
-35.84472,137.12541,367,0.67,0.74,12/8/2019,548,N,VIIRS,h,1.0NRT,313.4,118.1,D
-35.83809,137.12251,355.2,0.67,0.74,12/8/2019,548,N,VIIRS,n,1.0NRT,325.4,96.2,D
-35.83582,137.12981,367,0.67,0.74,12/8/2019,548,N,VIIRS,h,1.0NRT,304.6,118.1,D
-35.84901,137.13585,344.5,0.67,0.74,12/8/2019,548,N,VIIRS,n,1.0NRT,301.8,49.7,D
-35.77663,137.04132,336.9,0.64,0.54,12/20/2019,518,N,VIIRS,n,1.0NRT,308.5,63.1,D
-35.68099,137.40919,367,0.33,0.56,12/20/2019,518,N,VIIRS,h,1.0NRT,301.9,24.8,D
-35.68461,137.39453,367,0.33,0.56,12/20/2019,518,N,VIIRS,h,1.0NRT,302.6,12.3,D
-35.76783,137.05539,367,0.32,0.54,12/20/2019,518,N,VIIRS,h,1.0NRT,301.5,23.6,D
-35.6716,137.22649,339.9,0.33,0.55,12/20/2019,518,N,VIIRS,n,1.0NRT,298.7,6.8,D
-35.67248,137.22296,341.2,0.33,0.55,12/20/2019,518,N,VIIRS,n,1.0NRT,297.6,4.6,D
-35.7704,137.04485,367,0.32,0.54,12/20/2019,518,N,VIIRS,h,1.0NRT,296.2,10.6,D
-35.76289,137.05362,330.6,0.32,0.54,12/20/2019,518,N,VIIRS,n,1.0NRT,296.5,23.6,D
-35.67596,137.40733,367,0.33,0.56,12/20/2019,518,N,VIIRS,h,1.0NRT,298.7,24.8,D
-35.67688,137.40361,367,0.33,0.56,12/20/2019,518,N,VIIRS,h,1.0NRT,299.6,24.8,D
-35.76203,137.05713,367,0.32,0.54,12/20/2019,518,N,VIIRS,h,1.0NRT,297.3,12.3,D
-35.76118,137.06064,367,0.32,0.54,12/20/2019,518,N,VIIRS,h,1.0NRT,298,12.3,D
-35.68189,137.40553,353.4,0.33,0.56,12/20/2019,518,N,VIIRS,n,1.0NRT,311.2,24.8,D
-35.76869,137.05186,349.4,0.32,0.54,12/20/2019,518,N,VIIRS,n,1.0NRT,305.3,23.6,D
-35.76954,137.04837,348.9,0.32,0.54,12/20/2019,518,N,VIIRS,n,1.0NRT,297.8,10.6,D
-35.6828,137.40189,350.9,0.33,0.56,12/20/2019,518,N,VIIRS,n,1.0NRT,312.2,41,D
-35.6837,137.39822,356.6,0.33,0.56,12/20/2019,518,N,VIIRS,n,1.0NRT,307.3,41,D
-35.78158,137.04305,354,0.64,0.54,12/20/2019,518,N,VIIRS,n,1.0NRT,298.8,63.1,D
-35.77534,137.04662,367,0.32,0.54,12/20/2019,518,N,VIIRS,h,1.0NRT,306.2,41.9,D
-35.77449,137.05013,335.8,0.32,0.54,12/20/2019,518,N,VIIRS,n,1.0NRT,296.9,41.9,D
-35.77054,137.05475,367,0.32,0.54,12/20/2019,518,N,VIIRS,h,1.0NRT,302.9,22.3,D
-35.77185,137.0495,367,0.64,0.54,12/20/2019,518,N,VIIRS,h,1.0NRT,299.4,50.7,D
-35.76384,137.06,367,0.32,0.54,12/20/2019,518,N,VIIRS,h,1.0NRT,297.9,12.3,D
-35.76471,137.05649,353.5,0.32,0.54,12/20/2019,518,N,VIIRS,n,1.0NRT,297.1,22.3,D
-35.76691,137.04773,331.7,0.64,0.54,12/20/2019,518,N,VIIRS,n,1.0NRT,297.1,50.7,D
-35.76559,137.05298,367,0.32,0.54,12/20/2019,518,N,VIIRS,h,1.0NRT,302.2,22.3,D
-35.67756,137.40179,349,0.33,0.56,12/20/2019,518,N,VIIRS,n,1.0NRT,300.7,31.4,D
-35.67568,137.40916,336.2,0.33,0.56,12/20/2019,518,N,VIIRS,n,1.0NRT,298.3,20.8,D
-35.68072,137.41101,337,0.33,0.56,12/20/2019,518,N,VIIRS,n,1.0NRT,300.3,20.8,D
-35.77361,137.04248,349.7,0.64,0.54,12/20/2019,518,N,VIIRS,n,1.0NRT,302,50.7,D
-35.67662,137.40549,367,0.33,0.56,12/20/2019,518,N,VIIRS,h,1.0NRT,300.7,20.8,D
-35.68258,137.40372,355.5,0.33,0.56,12/20/2019,518,N,VIIRS,n,1.0NRT,312.6,31.4,D
-35.68536,137.39275,344.4,0.33,0.55,12/20/2019,518,N,VIIRS,n,1.0NRT,301.5,9.5,D
-35.6835,137.40007,353.8,0.33,0.56,12/20/2019,518,N,VIIRS,n,1.0NRT,308.3,31.4,D
-35.77855,137.0442,353.2,0.64,0.54,12/20/2019,518,N,VIIRS,n,1.0NRT,310.8,93.6,D
-35.7803,137.0372,338.1,0.63,0.54,12/20/2019,518,N,VIIRS,n,1.0NRT,294.4,16.8,D
-35.68443,137.39641,367,0.33,0.55,12/20/2019,518,N,VIIRS,h,1.0NRT,303.9,9.5,D
-35.68165,137.40736,367,0.33,0.56,12/20/2019,518,N,VIIRS,h,1.0NRT,310.2,20.8,D
-35.93905,137.01634,367,0.63,0.54,12/20/2019,518,N,VIIRS,h,1.0NRT,304,34.5,D
-35.93737,137.02321,342.2,0.63,0.54,12/20/2019,518,N,VIIRS,n,1.0NRT,298.6,19.1,D
-35.74215,137.07385,342.9,0.4,0.6,12/20/2019,1500,N,VIIRS,n,1.0NRT,287.6,2.5,N
-35.76263,137.06116,296.9,0.4,0.6,12/20/2019,1500,N,VIIRS,n,1.0NRT,283.9,0.9,N
-35.75259,137.04561,314.3,0.4,0.6,12/20/2019,1500,N,VIIRS,n,1.0NRT,285,5.4,N
-35.76377,137.06549,302.3,0.4,0.6,12/20/2019,1500,N,VIIRS,n,1.0NRT,283.4,0.9,N
-35.75916,137.04791,338.1,0.4,0.6,12/20/2019,1500,N,VIIRS,n,1.0NRT,288.7,5.4,N
-35.76031,137.05232,309.9,0.4,0.6,12/20/2019,1500,N,VIIRS,n,1.0NRT,285.4,2.6,N
-35.758,137.04352,308,0.4,0.6,12/20/2019,1500,N,VIIRS,n,1.0NRT,285,5.4,N
-35.75491,137.05441,297.9,0.4,0.6,12/20/2019,1500,N,VIIRS,n,1.0NRT,284.6,2.6,N
-35.7472,137.04776,309.3,0.4,0.6,12/20/2019,1500,N,VIIRS,n,1.0NRT,284.9,4,N
-35.75069,137.06104,304.8,0.4,0.6,12/20/2019,1500,N,VIIRS,n,1.0NRT,285.2,2.4,N
-35.75375,137.04999,367,0.4,0.6,12/20/2019,1500,N,VIIRS,h,1.0NRT,295,5.4,N
-35.75185,137.06543,310.2,0.4,0.6,12/20/2019,1500,N,VIIRS,n,1.0NRT,286.4,1,N
-35.753,137.06981,303.4,0.4,0.6,12/20/2019,1500,N,VIIRS,n,1.0NRT,284.5,1,N
-35.74834,137.05212,350.2,0.4,0.6,12/20/2019,1500,N,VIIRS,n,1.0NRT,289.4,4,N
-35.73567,137.00406,300.5,0.4,0.6,12/20/2019,1500,N,VIIRS,n,1.0NRT,284.1,1.5,N
-35.74758,137.07182,305.8,0.4,0.6,12/20/2019,1500,N,VIIRS,n,1.0NRT,285,1,N
-35.74643,137.06747,303.7,0.4,0.6,12/20/2019,1500,N,VIIRS,n,1.0NRT,286.7,1,N
-35.72908,137.00175,297.8,0.4,0.6,12/20/2019,1500,N,VIIRS,n,1.0NRT,284.2,2.3,N
-35.73026,137.00623,312.4,0.4,0.6,12/20/2019,1500,N,VIIRS,n,1.0NRT,285.5,1.5,N
-35.73145,137.0107,322.6,0.4,0.6,12/20/2019,1500,N,VIIRS,n,1.0NRT,285.2,1.5,N
-35.72367,137.00389,309.5,0.4,0.6,12/20/2019,1500,N,VIIRS,n,1.0NRT,285,1.1,N
-35.73986,137.06516,308,0.4,0.6,12/20/2019,1500,N,VIIRS,n,1.0NRT,284.9,1.7,N
-35.741,137.06947,308.7,0.4,0.6,12/20/2019,1500,N,VIIRS,n,1.0NRT,287.4,2.5,N
-35.72372,137.07178,328.2,0.4,0.6,12/20/2019,1500,N,VIIRS,n,1.0NRT,287.2,3.8,N
-35.70315,137.01677,338.9,0.4,0.6,12/20/2019,1500,N,VIIRS,n,1.0NRT,288.4,2,N
-35.73446,137.06729,315.7,0.4,0.6,12/20/2019,1500,N,VIIRS,n,1.0NRT,287.5,1.7,N
-35.71706,137.00153,308.1,0.4,0.6,12/20/2019,1500,N,VIIRS,n,1.0NRT,286.6,1.1,N
-35.7356,137.07159,306.3,0.4,0.6,12/20/2019,1500,N,VIIRS,n,1.0NRT,287.1,2.5,N
-35.7116,137.00352,310.5,0.4,0.6,12/20/2019,1500,N,VIIRS,n,1.0NRT,286.3,2.2,N
-35.71404,137.01274,314.2,0.4,0.6,12/20/2019,1500,N,VIIRS,n,1.0NRT,286.7,2.6,N
-35.73674,137.0759,332.3,0.4,0.6,12/20/2019,1500,N,VIIRS,n,1.0NRT,287.2,2.5,N
-35.73024,137.07385,320.1,0.4,0.6,12/20/2019,1500,N,VIIRS,n,1.0NRT,288.3,3,N
-35.72601,137.08041,332.7,0.4,0.6,12/20/2019,1500,N,VIIRS,n,1.0NRT,287.9,3,N
-35.73138,137.07816,325,0.4,0.6,12/20/2019,1500,N,VIIRS,n,1.0NRT,287,3,N
-35.71523,137.01718,334.4,0.4,0.6,12/20/2019,1500,N,VIIRS,n,1.0NRT,286.8,2.6,N
-35.7291,137.06956,329.8,0.4,0.6,12/20/2019,1500,N,VIIRS,n,1.0NRT,288.1,3.8,N
-35.70497,137.00107,308.4,0.4,0.6,12/20/2019,1500,N,VIIRS,n,1.0NRT,286.7,2.2,N
-35.72715,137.0847,320.7,0.4,0.6,12/20/2019,1500,N,VIIRS,n,1.0NRT,284.8,3.6,N
-35.70617,137.0056,301.4,0.4,0.6,12/20/2019,1500,N,VIIRS,n,1.0NRT,285.8,2.2,N
-35.7086,137.01476,319.3,0.4,0.6,12/20/2019,1500,N,VIIRS,n,1.0NRT,287.7,2.6,N
-35.72487,137.0761,315.1,0.4,0.6,12/20/2019,1500,N,VIIRS,n,1.0NRT,287.6,3,N
-35.72062,137.08257,367,0.4,0.6,12/20/2019,1500,N,VIIRS,h,1.0NRT,289.8,7.8,N
-35.72175,137.08682,367,0.4,0.6,12/20/2019,1500,N,VIIRS,h,1.0NRT,287.6,5.2,N
-35.70979,137.01924,323.5,0.4,0.6,12/20/2019,1500,N,VIIRS,n,1.0NRT,285.8,2.6,N
-35.69951,137.00308,299.1,0.4,0.6,12/20/2019,1500,N,VIIRS,n,1.0NRT,285.4,2.3,N
-35.70073,137.00766,302.5,0.4,0.6,12/20/2019,1500,N,VIIRS,n,1.0NRT,285.6,1.4,N
-35.70195,137.01224,296.9,0.4,0.6,12/20/2019,1500,N,VIIRS,n,1.0NRT,284.5,1.4,N
-35.70435,137.02129,316.8,0.4,0.6,12/20/2019,1500,N,VIIRS,n,1.0NRT,285.3,2,N
-35.69772,137.01884,316,0.4,0.6,12/20/2019,1500,N,VIIRS,n,1.0NRT,285.5,2,N
-35.682,137.00482,367,0.4,0.6,12/20/2019,1500,N,VIIRS,h,1.0NRT,301.2,9.8,N
-35.69894,137.02344,300.9,0.4,0.6,12/20/2019,1500,N,VIIRS,n,1.0NRT,283.9,2,N
-35.71633,137.08885,303.7,0.4,0.6,12/20/2019,1500,N,VIIRS,n,1.0NRT,285,5.2,N
-35.6953,137.00978,306.6,0.4,0.6,12/20/2019,1500,N,VIIRS,n,1.0NRT,286.2,1.4,N
-35.69651,137.01431,306,0.4,0.6,12/20/2019,1500,N,VIIRS,n,1.0NRT,286.6,1.4,N
-35.69409,137.0052,313.2,0.4,0.6,12/20/2019,1500,N,VIIRS,n,1.0NRT,286.5,2.3,N
-35.69288,137.00066,322,0.4,0.6,12/20/2019,1500,N,VIIRS,n,1.0NRT,287.4,2.3,N
-35.71521,137.08461,323.8,0.4,0.6,12/20/2019,1500,N,VIIRS,n,1.0NRT,287.8,7.8,N
-35.68687,137.02304,315.4,0.4,0.6,12/20/2019,1500,N,VIIRS,n,1.0NRT,285.8,2.5,N
-35.6832,137.00928,323.6,0.4,0.6,12/20/2019,1500,N,VIIRS,n,1.0NRT,288.1,9.8,N
-35.68871,137.00749,302.9,0.4,0.6,12/20/2019,1500,N,VIIRS,n,1.0NRT,284.8,9.8,N
-35.69352,137.02557,313.5,0.4,0.6,12/20/2019,1500,N,VIIRS,n,1.0NRT,284.4,2.5,N
-35.68989,137.01195,309.4,0.4,0.6,12/20/2019,1500,N,VIIRS,n,1.0NRT,285.8,2.1,N
-35.69109,137.01643,311.7,0.4,0.6,12/20/2019,1500,N,VIIRS,n,1.0NRT,285.4,2.1,N
-35.70977,137.08659,322.8,0.4,0.6,12/20/2019,1500,N,VIIRS,n,1.0NRT,286.8,8.2,N
-35.70316,137.08414,308.5,0.4,0.6,12/20/2019,1500,N,VIIRS,n,1.0NRT,285.8,8.2,N
-35.7109,137.09082,357.9,0.4,0.6,12/20/2019,1500,N,VIIRS,n,1.0NRT,288.2,9.5,N
-35.6923,137.02097,338.7,0.4,0.6,12/20/2019,1500,N,VIIRS,n,1.0NRT,287.9,2.5,N
-35.68751,137.00301,343.2,0.4,0.6,12/20/2019,1500,N,VIIRS,n,1.0NRT,288.7,9.8,N
-35.70541,137.09261,367,0.4,0.6,12/20/2019,1500,N,VIIRS,h,1.0NRT,290.2,9.5,N
-35.68566,137.01851,322.7,0.4,0.6,12/20/2019,1500,N,VIIRS,n,1.0NRT,287.1,2.1,N
-35.7043,137.08846,356.2,0.4,0.6,12/20/2019,1500,N,VIIRS,n,1.0NRT,291.6,8.2,N
-35.68441,137.01385,308.4,0.4,0.6,12/20/2019,1500,N,VIIRS,n,1.0NRT,286,2.1,N
-35.68081,137.00035,367,0.4,0.6,12/20/2019,1500,N,VIIRS,h,1.0NRT,297.1,25.8,N
-35.67759,137.01071,312.1,0.4,0.6,12/20/2019,1500,N,VIIRS,n,1.0NRT,286.8,5.1,N
-35.66094,137.41022,295.9,0.38,0.59,12/20/2019,1500,N,VIIRS,n,1.0NRT,284.2,1.1,N
-35.93588,137.03172,314.1,0.39,0.6,12/20/2019,1500,N,VIIRS,n,1.0NRT,285.1,2,N
-35.92823,137.02528,367,0.39,0.6,12/20/2019,1500,N,VIIRS,h,1.0NRT,300.7,8.7,N
-35.93774,137.01627,297.6,0.39,0.6,12/20/2019,1500,N,VIIRS,n,1.0NRT,285.5,1.4,N
-35.92937,137.02962,345.7,0.39,0.6,12/20/2019,1500,N,VIIRS,n,1.0NRT,291.6,8.7,N
-35.93355,137.02292,308.7,0.39,0.6,12/20/2019,1500,N,VIIRS,n,1.0NRT,285.9,1.6,N
-35.93472,137.02734,302.7,0.39,0.6,12/20/2019,1500,N,VIIRS,n,1.0NRT,285.3,1.6,N
-35.93054,137.03401,336.9,0.39,0.6,12/20/2019,1500,N,VIIRS,n,1.0NRT,287.8,4.4,N
-35.9317,137.03839,329.5,0.39,0.6,12/20/2019,1500,N,VIIRS,n,1.0NRT,285.6,4.4,N
-35.69875,137.08998,367,0.4,0.6,12/20/2019,1500,N,VIIRS,h,1.0NRT,313.8,29.3,N
-35.66203,137.41434,305.6,0.38,0.59,12/20/2019,1500,N,VIIRS,n,1.0NRT,284.9,1.1,N
-35.67513,137.00153,327.8,0.4,0.6,12/20/2019,1500,N,VIIRS,n,1.0NRT,289.4,2.6,N
-35.69988,137.09424,342.5,0.4,0.6,12/20/2019,1500,N,VIIRS,n,1.0NRT,290.2,19.1,N
-35.67638,137.00621,326.8,0.4,0.6,12/20/2019,1500,N,VIIRS,n,1.0NRT,289.7,5.1,N
-35.69761,137.08568,354.6,0.4,0.6,12/20/2019,1500,N,VIIRS,n,1.0NRT,290.7,29.3,N
-35.67891,137.01566,350.3,0.4,0.6,12/20/2019,1500,N,VIIRS,n,1.0NRT,288,5.4,N
-35.68143,137.02512,334.1,0.4,0.6,12/20/2019,1500,N,VIIRS,n,1.0NRT,285.7,2.2,N
-35.66312,137.41847,315.3,0.38,0.59,12/20/2019,1500,N,VIIRS,n,1.0NRT,286,1.3,N
-35.67579,137.02643,324.4,0.4,0.6,12/20/2019,1500,N,VIIRS,n,1.0NRT,286.1,2.2,N
-35.6921,137.08742,322.9,0.4,0.6,12/20/2019,1500,N,VIIRS,n,1.0NRT,288,29.3,N
-35.6944,137.09604,333.8,0.4,0.6,12/20/2019,1500,N,VIIRS,n,1.0NRT,287.7,19.1,N
-35.69324,137.09171,367,0.4,0.6,12/20/2019,1500,N,VIIRS,h,1.0NRT,300.3,29.3,N
-35.66421,137.42259,306.2,0.38,0.59,12/20/2019,1500,N,VIIRS,n,1.0NRT,285,1.3,N
-35.6731,137.01636,336,0.4,0.6,12/20/2019,1500,N,VIIRS,n,1.0NRT,288.9,5.4,N
-35.67074,137.22372,304,0.39,0.59,12/20/2019,1500,N,VIIRS,n,1.0NRT,283.8,0.7,N
-35.6701,137.22725,296.5,0.39,0.59,12/20/2019,1500,N,VIIRS,n,1.0NRT,283.8,0.8,N
-35.65672,137.41644,306.3,0.38,0.59,12/20/2019,1500,N,VIIRS,n,1.0NRT,286.6,1.1,N
-35.66107,137.43291,310.1,0.38,0.59,12/20/2019,1500,N,VIIRS,n,1.0NRT,284.8,1.5,N
-35.65781,137.42056,304.4,0.38,0.59,12/20/2019,1500,N,VIIRS,n,1.0NRT,286,1.3,N
-35.65889,137.42467,312.9,0.38,0.59,12/20/2019,1500,N,VIIRS,n,1.0NRT,286.2,1.3,N
-35.65999,137.42879,316.7,0.38,0.59,12/20/2019,1500,N,VIIRS,n,1.0NRT,286.2,1.5,N
-35.64828,137.42886,308.6,0.38,0.59,12/20/2019,1500,N,VIIRS,n,1.0NRT,285.2,0.9,N
-35.64937,137.43298,300.3,0.38,0.59,12/20/2019,1500,N,VIIRS,n,1.0NRT,285.1,1.3,N
-35.6536,137.42682,295.6,0.38,0.59,12/20/2019,1500,N,VIIRS,n,1.0NRT,284.8,0.9,N
-35.6525,137.42267,303.9,0.38,0.59,12/20/2019,1500,N,VIIRS,n,1.0NRT,285.7,0.9,N
-35.64719,137.42474,310.2,0.38,0.59,12/20/2019,1500,N,VIIRS,n,1.0NRT,285.9,0.9,N
-35.64079,137.42273,299,0.38,0.59,12/20/2019,1500,N,VIIRS,n,1.0NRT,285.6,0.9,N
-35.64298,137.43097,302.1,0.38,0.59,12/20/2019,1500,N,VIIRS,n,1.0NRT,285.5,1.4,N
-35.72787,137.0047,304.5,0.4,0.6,12/20/2019,1500,N,VIIRS,n,1.0NRT,284.3,1.4,N
-35.76366,137.0486,310.4,0.4,0.6,12/20/2019,1500,N,VIIRS,n,1.0NRT,285.8,3.3,N
-35.74557,137.07011,317,0.4,0.6,12/20/2019,1500,N,VIIRS,n,1.0NRT,286.8,1.8,N
-35.76601,137.05736,295.4,0.4,0.6,12/20/2019,1500,N,VIIRS,n,1.0NRT,285,1.1,N
-35.92409,137.03214,305.8,0.39,0.6,12/20/2019,1500,N,VIIRS,n,1.0NRT,287.1,8.7,N
-35.77986,137.04224,296.5,0.4,0.6,12/20/2019,1500,N,VIIRS,n,1.0NRT,284.8,0.7,N
-35.77328,137.03996,312.8,0.4,0.6,12/20/2019,1500,N,VIIRS,n,1.0NRT,285.5,1.6,N
-35.77445,137.04433,297.1,0.4,0.6,12/20/2019,1500,N,VIIRS,n,1.0NRT,284.8,1.6,N
-35.7768,137.05309,308.1,0.4,0.6,12/20/2019,1500,N,VIIRS,n,1.0NRT,286.7,1.9,N
-35.76718,137.06171,301,0.4,0.6,12/20/2019,1500,N,VIIRS,n,1.0NRT,284.3,0.7,N
-35.7714,137.05521,310.2,0.4,0.6,12/20/2019,1500,N,VIIRS,n,1.0NRT,288.7,1.9,N
-35.76905,137.04645,320.6,0.4,0.6,12/20/2019,1500,N,VIIRS,n,1.0NRT,287.3,1.6,N
-35.76788,137.0421,326.2,0.4,0.6,12/20/2019,1500,N,VIIRS,n,1.0NRT,286.7,1.6,N
-35.74675,137.07446,317,0.4,0.6,12/20/2019,1500,N,VIIRS,n,1.0NRT,284.6,1.8,N
-35.76249,137.04425,348.9,0.4,0.6,12/20/2019,1500,N,VIIRS,n,1.0NRT,289.3,3.3,N
-35.75943,137.05511,304.3,0.4,0.6,12/20/2019,1500,N,VIIRS,n,1.0NRT,285,1.1,N
-35.7618,137.06389,304.9,0.4,0.6,12/20/2019,1500,N,VIIRS,n,1.0NRT,284.2,0.7,N
-35.75706,137.0463,336.5,0.4,0.6,12/20/2019,1500,N,VIIRS,n,1.0NRT,287.9,3.3,N
-35.75825,137.05069,323.4,0.4,0.6,12/20/2019,1500,N,VIIRS,n,1.0NRT,288.3,3.3,N
-35.75523,137.06166,312.2,0.4,0.6,12/20/2019,1500,N,VIIRS,n,1.0NRT,285.4,1.8,N
-35.75165,137.04839,367,0.4,0.6,12/20/2019,1500,N,VIIRS,h,1.0NRT,294.5,4.7,N
-35.75283,137.05278,328.8,0.4,0.6,12/20/2019,1500,N,VIIRS,n,1.0NRT,288.1,4.7,N
-35.73329,137.00256,297.1,0.4,0.6,12/20/2019,1500,N,VIIRS,n,1.0NRT,284.2,1.7,N
-35.73449,137.00702,308.1,0.4,0.6,12/20/2019,1500,N,VIIRS,n,1.0NRT,284.2,1.2,N
-35.74982,137.06374,305.2,0.4,0.6,12/20/2019,1500,N,VIIRS,n,1.0NRT,285.6,1.8,N
-35.751,137.06812,314.4,0.4,0.6,12/20/2019,1500,N,VIIRS,n,1.0NRT,285.9,2.3,N
-35.74625,137.05052,306.8,0.4,0.6,12/20/2019,1500,N,VIIRS,n,1.0NRT,285.5,4.7,N
-35.74743,137.05487,297.6,0.4,0.6,12/20/2019,1500,N,VIIRS,n,1.0NRT,284.3,4.7,N
-35.72909,137.00919,331.4,0.4,0.6,12/20/2019,1500,N,VIIRS,n,1.0NRT,287.2,3.2,N
-35.72667,137.00024,305.5,0.4,0.6,12/20/2019,1500,N,VIIRS,n,1.0NRT,285,1.4,N
-35.73897,137.06778,319.1,0.4,0.6,12/20/2019,1500,N,VIIRS,n,1.0NRT,286.9,2,N
-35.74014,137.07211,313.8,0.4,0.6,12/20/2019,1500,N,VIIRS,n,1.0NRT,287.3,1.8,N
-35.74132,137.07646,316.8,0.4,0.6,12/20/2019,1500,N,VIIRS,n,1.0NRT,285.4,1.8,N
-35.7378,137.06346,297.6,0.4,0.6,12/20/2019,1500,N,VIIRS,n,1.0NRT,283.8,2,N
-35.72125,137.00238,311.2,0.4,0.6,12/20/2019,1500,N,VIIRS,n,1.0NRT,286.3,1.4,N
-35.92605,137.03308,300.9,0.46,0.64,12/20/2019,1642,N,VIIRS,n,1.0NRT,286.5,8.1,N
-35.93183,137.02759,323.8,0.46,0.64,12/20/2019,1642,N,VIIRS,n,1.0NRT,286.2,5.4,N
-35.93207,137.03284,367,0.46,0.64,12/20/2019,1642,N,VIIRS,h,1.0NRT,297.9,8.1,N
-35.93231,137.03813,322.7,0.46,0.64,12/20/2019,1642,N,VIIRS,n,1.0NRT,286.3,8.1,N
-35.93834,137.03778,304.4,0.46,0.64,12/20/2019,1642,N,VIIRS,n,1.0NRT,281.7,10.4,N
-35.93159,137.02229,295.1,0.46,0.64,12/20/2019,1642,N,VIIRS,n,1.0NRT,285.1,5.4,N
-35.93809,137.0325,367,0.46,0.64,12/20/2019,1642,N,VIIRS,h,1.0NRT,286.9,10.4,N
-35.93784,137.02718,336.8,0.46,0.64,12/20/2019,1642,N,VIIRS,n,1.0NRT,284.4,16.7,N
-35.9258,137.02774,323.1,0.46,0.64,12/20/2019,1642,N,VIIRS,n,1.0NRT,290,5.4,N
-35.77247,137.04156,303.8,0.46,0.64,12/20/2019,1642,N,VIIRS,n,1.0NRT,285.5,1.3,N
-35.77427,137.05792,299.6,0.46,0.64,12/20/2019,1642,N,VIIRS,n,1.0NRT,284.9,1.2,N
-35.773,137.05225,296.3,0.46,0.64,12/20/2019,1642,N,VIIRS,n,1.0NRT,285.6,1.3,N
-35.77327,137.05762,301.9,0.46,0.64,12/20/2019,1642,N,VIIRS,n,1.0NRT,286.2,1.3,N
-35.77404,137.05255,298,0.46,0.64,12/20/2019,1642,N,VIIRS,n,1.0NRT,285.9,2.4,N
-35.77358,137.04187,303.1,0.46,0.64,12/20/2019,1642,N,VIIRS,n,1.0NRT,285.4,1.5,N
-35.76099,137.0533,298.1,0.46,0.64,12/20/2019,1642,N,VIIRS,n,1.0NRT,284.4,1.8,N
-35.76673,137.04742,312.6,0.46,0.64,12/20/2019,1642,N,VIIRS,n,1.0NRT,286.4,1.3,N
-35.76647,137.04207,295.2,0.46,0.64,12/20/2019,1642,N,VIIRS,n,1.0NRT,284.5,1.3,N
-35.76073,137.04796,314.4,0.46,0.64,12/20/2019,1642,N,VIIRS,n,1.0NRT,286.4,3,N
-35.75838,137.00003,300.9,0.46,0.63,12/20/2019,1642,N,VIIRS,n,1.0NRT,284,4.5,N
-35.75498,137.05391,304.9,0.46,0.64,12/20/2019,1642,N,VIIRS,n,1.0NRT,285.1,1.8,N
-35.75549,137.06445,299.5,0.46,0.64,12/20/2019,1642,N,VIIRS,n,1.0NRT,283.9,1.1,N
-35.75472,137.0486,326.4,0.46,0.64,12/20/2019,1642,N,VIIRS,n,1.0NRT,286.9,3,N
-35.74897,137.05449,310.4,0.46,0.64,12/20/2019,1642,N,VIIRS,n,1.0NRT,285.9,3.4,N
-35.74948,137.06505,300.8,0.46,0.64,12/20/2019,1642,N,VIIRS,n,1.0NRT,285.4,2,N
-35.74974,137.07045,321.4,0.46,0.64,12/20/2019,1642,N,VIIRS,n,1.0NRT,285.8,2,N
-35.74872,137.04913,336,0.46,0.64,12/20/2019,1642,N,VIIRS,n,1.0NRT,287.2,5.4,N
-35.74398,137.07654,323.7,0.46,0.64,12/20/2019,1642,N,VIIRS,n,1.0NRT,286.4,3.8,N
-35.74373,137.07115,307.5,0.46,0.64,12/20/2019,1642,N,VIIRS,n,1.0NRT,286.3,2,N
-35.73746,137.06636,303.2,0.46,0.64,12/20/2019,1642,N,VIIRS,n,1.0NRT,284.6,2,N
-35.73772,137.07181,300.3,0.46,0.64,12/20/2019,1642,N,VIIRS,n,1.0NRT,285.6,2,N
-35.6803,137.00272,367,0.46,0.63,12/20/2019,1642,N,VIIRS,h,1.0NRT,292.3,8.4,N
-35.73798,137.07722,336.6,0.46,0.64,12/20/2019,1642,N,VIIRS,n,1.0NRT,287.1,2.6,N
-35.72867,137.00772,302.9,0.46,0.63,12/20/2019,1642,N,VIIRS,n,1.0NRT,284.8,2.6,N
-35.72891,137.01292,309.9,0.46,0.64,12/20/2019,1642,N,VIIRS,n,1.0NRT,285.3,1.4,N
-35.7317,137.07216,305.4,0.46,0.64,12/20/2019,1642,N,VIIRS,n,1.0NRT,286,2,N
-35.73195,137.07759,309.3,0.46,0.64,12/20/2019,1642,N,VIIRS,n,1.0NRT,286.3,2.6,N
-35.72568,137.07256,309.3,0.46,0.64,12/20/2019,1642,N,VIIRS,n,1.0NRT,286.4,2,N
-35.72593,137.07796,300.9,0.46,0.64,12/20/2019,1642,N,VIIRS,n,1.0NRT,285.5,2,N
-35.72618,137.08342,316.7,0.46,0.64,12/20/2019,1642,N,VIIRS,n,1.0NRT,285.7,2,N
-35.72243,137.00305,307.2,0.46,0.63,12/20/2019,1642,N,VIIRS,n,1.0NRT,285.4,1.5,N
-35.71717,137.0193,313.8,0.46,0.64,12/20/2019,1642,N,VIIRS,n,1.0NRT,285,2.2,N
-35.72016,137.08392,314.2,0.46,0.64,12/20/2019,1642,N,VIIRS,n,1.0NRT,286.5,2,N
-35.72042,137.08949,314.5,0.46,0.64,12/20/2019,1642,N,VIIRS,n,1.0NRT,285,2.9,N
-35.71692,137.01402,314.1,0.46,0.64,12/20/2019,1642,N,VIIRS,n,1.0NRT,285.8,2.2,N
-35.71644,137.00374,305.1,0.46,0.63,12/20/2019,1642,N,VIIRS,n,1.0NRT,285.9,1.5,N
-35.71441,137.09009,300.9,0.46,0.64,12/20/2019,1642,N,VIIRS,n,1.0NRT,285.2,2.5,N
-35.71118,137.01994,314.4,0.46,0.64,12/20/2019,1642,N,VIIRS,n,1.0NRT,286,2.2,N
-35.71046,137.00443,305.7,0.46,0.63,12/20/2019,1642,N,VIIRS,n,1.0NRT,285.8,1.8,N
-35.71093,137.01466,306.1,0.46,0.64,12/20/2019,1642,N,VIIRS,n,1.0NRT,285.9,2.2,N
-35.68054,137.0081,331.5,0.46,0.63,12/20/2019,1642,N,VIIRS,n,1.0NRT,288.9,6.8,N
-35.70495,137.01546,302.9,0.46,0.64,12/20/2019,1642,N,VIIRS,n,1.0NRT,285.6,2.2,N
-35.70447,137.00513,298,0.46,0.63,12/20/2019,1642,N,VIIRS,n,1.0NRT,285.3,1.8,N
-35.70519,137.02066,337.5,0.46,0.64,12/20/2019,1642,N,VIIRS,n,1.0NRT,288.2,2.2,N
-35.70839,137.09088,333.2,0.46,0.64,12/20/2019,1642,N,VIIRS,n,1.0NRT,288.6,2.5,N
-35.69873,137.01094,303.3,0.46,0.63,12/20/2019,1642,N,VIIRS,n,1.0NRT,285.5,1.7,N
-35.69896,137.01613,309.8,0.46,0.64,12/20/2019,1642,N,VIIRS,n,1.0NRT,286.1,2.2,N
-35.6992,137.0213,309.9,0.46,0.64,12/20/2019,1642,N,VIIRS,n,1.0NRT,285,2.2,N
-35.69825,137.00072,303.7,0.46,0.63,12/20/2019,1642,N,VIIRS,n,1.0NRT,285.8,3.8,N
-35.68078,137.01334,347.1,0.46,0.63,12/20/2019,1642,N,VIIRS,n,1.0NRT,287.8,6.8,N
-35.7024,137.0919,367,0.46,0.64,12/20/2019,1642,N,VIIRS,h,1.0NRT,296.7,18.7,N
-35.70264,137.09743,353.2,0.46,0.64,12/20/2019,1642,N,VIIRS,n,1.0NRT,287.5,18.7,N
-35.70214,137.08621,328.1,0.46,0.64,12/20/2019,1642,N,VIIRS,n,1.0NRT,286,20.7,N
-35.68627,137.00179,367,0.46,0.63,12/20/2019,1642,N,VIIRS,h,1.0NRT,293.2,8.4,N
-35.68721,137.0226,325.5,0.46,0.64,12/20/2019,1642,N,VIIRS,n,1.0NRT,287.3,4.8,N
-35.69039,137.09386,320.7,0.46,0.64,12/20/2019,1642,N,VIIRS,n,1.0NRT,287.9,2.4,N
-35.68099,137.0182,367,0.46,0.64,12/20/2019,1642,N,VIIRS,h,1.0NRT,289.1,4.8,N
-35.68146,137.02863,318.7,0.46,0.64,12/20/2019,1642,N,VIIRS,n,1.0NRT,285.3,3.1,N
-35.68122,137.02325,300.4,0.46,0.64,12/20/2019,1642,N,VIIRS,n,1.0NRT,285.3,4.8,N
-35.69715,137.01945,309.8,0.46,0.63,12/20/2019,1642,N,VIIRS,n,1.0NRT,285.1,1.9,N
-35.69636,137.00407,304.1,0.46,0.63,12/20/2019,1642,N,VIIRS,n,1.0NRT,285.2,1.7,N
-35.67437,137.00479,306.7,0.46,0.63,12/20/2019,1642,N,VIIRS,n,1.0NRT,286.8,1.7,N
-35.6755,137.03017,311.4,0.46,0.64,12/20/2019,1642,N,VIIRS,n,1.0NRT,286,1.9,N
-35.70287,137.01363,296,0.46,0.63,12/20/2019,1642,N,VIIRS,n,1.0NRT,284.5,1.9,N
-35.70673,137.08879,319.9,0.46,0.64,12/20/2019,1642,N,VIIRS,n,1.0NRT,286.8,15.4,N
-35.69741,137.02452,308.2,0.46,0.64,12/20/2019,1642,N,VIIRS,n,1.0NRT,284.4,2.3,N
-35.70314,137.01881,336.5,0.46,0.63,12/20/2019,1642,N,VIIRS,n,1.0NRT,288.2,1.9,N
-35.70703,137.09451,322.4,0.46,0.64,12/20/2019,1642,N,VIIRS,n,1.0NRT,285.9,15.4,N
-35.69688,137.01428,305.6,0.46,0.63,12/20/2019,1642,N,VIIRS,n,1.0NRT,286,1.9,N
-35.69662,137.00914,305.8,0.46,0.63,12/20/2019,1642,N,VIIRS,n,1.0NRT,285.8,1.7,N
-35.70104,137.09561,344.7,0.46,0.64,12/20/2019,1642,N,VIIRS,n,1.0NRT,294.4,15.4,N
-35.69036,137.00446,316.1,0.46,0.63,12/20/2019,1642,N,VIIRS,n,1.0NRT,286.1,3.3,N
-35.70075,137.08989,367,0.46,0.64,12/20/2019,1642,N,VIIRS,h,1.0NRT,293.3,15.4,N
-35.70046,137.0843,338.8,0.46,0.64,12/20/2019,1642,N,VIIRS,n,1.0NRT,287.8,14.6,N
-35.69063,137.00966,301.5,0.46,0.63,12/20/2019,1642,N,VIIRS,n,1.0NRT,285.2,3.3,N
-35.6909,137.01488,305.2,0.46,0.63,12/20/2019,1642,N,VIIRS,n,1.0NRT,285.3,2.3,N
-35.69142,137.02519,319.4,0.46,0.64,12/20/2019,1642,N,VIIRS,n,1.0NRT,285.9,1.5,N
-35.68438,137.00516,339.8,0.46,0.63,12/20/2019,1642,N,VIIRS,n,1.0NRT,288.2,3.3,N
-35.69476,137.09105,367,0.46,0.64,12/20/2019,1642,N,VIIRS,h,1.0NRT,294.1,8,N
-35.69504,137.09657,346.7,0.46,0.64,12/20/2019,1642,N,VIIRS,n,1.0NRT,289.1,8,N
-35.69448,137.08548,346.7,0.46,0.64,12/20/2019,1642,N,VIIRS,n,1.0NRT,289.3,13.8,N
-35.69116,137.02005,327.9,0.46,0.63,12/20/2019,1642,N,VIIRS,n,1.0NRT,287.3,2.3,N
-35.68517,137.02069,322.8,0.46,0.63,12/20/2019,1642,N,VIIRS,n,1.0NRT,287.4,2.3,N
-35.68543,137.02591,302.3,0.46,0.64,12/20/2019,1642,N,VIIRS,n,1.0NRT,284.9,1.5,N
-35.68876,137.09186,305.5,0.46,0.64,12/20/2019,1642,N,VIIRS,n,1.0NRT,287,8,N
-35.68491,137.01561,305.9,0.46,0.63,12/20/2019,1642,N,VIIRS,n,1.0NRT,285,2.3,N
-35.68465,137.01048,308.4,0.46,0.63,12/20/2019,1642,N,VIIRS,n,1.0NRT,285.7,3.3,N
-35.67973,137.03215,297.1,0.46,0.64,12/20/2019,1642,N,VIIRS,n,1.0NRT,285.1,1.8,N
-35.67919,137.02148,298.5,0.46,0.63,12/20/2019,1642,N,VIIRS,n,1.0NRT,284.8,5.9,N
-35.67816,137.00108,341.4,0.46,0.63,12/20/2019,1642,N,VIIRS,n,1.0NRT,288.7,4.8,N
-35.67946,137.02676,322.9,0.46,0.64,12/20/2019,1642,N,VIIRS,n,1.0NRT,286.3,1.8,N
-35.67843,137.00644,330.9,0.46,0.63,12/20/2019,1642,N,VIIRS,n,1.0NRT,288.9,7.1,N
-35.6787,137.01173,327.5,0.46,0.63,12/20/2019,1642,N,VIIRS,n,1.0NRT,287.5,7.1,N
-35.67894,137.01653,367,0.46,0.63,12/20/2019,1642,N,VIIRS,h,1.0NRT,294.2,5.9,N
-35.66162,137.41733,305.7,0.48,0.65,12/20/2019,1642,N,VIIRS,n,1.0NRT,284.5,1.6,N
-35.67327,137.02353,306.6,0.46,0.63,12/20/2019,1642,N,VIIRS,n,1.0NRT,286.6,5.9,N
-35.66188,137.42305,315.8,0.48,0.65,12/20/2019,1642,N,VIIRS,n,1.0NRT,285.2,2.2,N
-35.67303,137.01862,343.5,0.46,0.63,12/20/2019,1642,N,VIIRS,n,1.0NRT,289.1,5.9,N
-35.67278,137.01378,302.2,0.46,0.63,12/20/2019,1642,N,VIIRS,n,1.0NRT,287.3,7.1,N
-35.66214,137.4288,309.8,0.48,0.65,12/20/2019,1642,N,VIIRS,n,1.0NRT,284.3,2.2,N
-35.6624,137.43454,297.8,0.48,0.65,12/20/2019,1642,N,VIIRS,n,1.0NRT,283.9,1,N
-35.64962,137.4239,297.5,0.48,0.65,12/20/2019,1642,N,VIIRS,n,1.0NRT,283.6,0.9,N
-35.64988,137.42964,300.6,0.48,0.65,12/20/2019,1642,N,VIIRS,n,1.0NRT,283.8,0.9,N
-35.65549,137.41769,296,0.48,0.65,12/20/2019,1642,N,VIIRS,n,1.0NRT,284.5,1.6,N
-35.64375,137.43007,301.2,0.48,0.65,12/20/2019,1642,N,VIIRS,n,1.0NRT,284.6,0.9,N
-35.6925,137.00638,308.3,0.46,0.63,12/20/2019,1642,N,VIIRS,n,1.0NRT,285.8,1.7,N
-35.69273,137.01157,301.4,0.46,0.63,12/20/2019,1642,N,VIIRS,n,1.0NRT,285.7,1.7,N
-35.69297,137.01677,310.2,0.46,0.64,12/20/2019,1642,N,VIIRS,n,1.0NRT,285,2.2,N
-35.69344,137.02702,310.8,0.46,0.64,12/20/2019,1642,N,VIIRS,n,1.0NRT,284.7,2.3,N
-35.69321,137.02194,327.5,0.46,0.64,12/20/2019,1642,N,VIIRS,n,1.0NRT,287.1,2.2,N
-35.69615,137.08751,367,0.46,0.64,12/20/2019,1642,N,VIIRS,h,1.0NRT,295.4,20.7,N
-35.69664,137.09839,329.7,0.46,0.64,12/20/2019,1642,N,VIIRS,n,1.0NRT,287.4,18.7,N
-35.69641,137.09312,367,0.46,0.64,12/20/2019,1642,N,VIIRS,h,1.0NRT,297.7,18.7,N
-35.69227,137.00127,321.7,0.46,0.63,12/20/2019,1642,N,VIIRS,n,1.0NRT,287.2,3.8,N
-35.68698,137.01744,315.3,0.46,0.64,12/20/2019,1642,N,VIIRS,n,1.0NRT,285.8,4.8,N
-35.69015,137.08839,296,0.46,0.64,12/20/2019,1642,N,VIIRS,n,1.0NRT,285.8,1.7,N
-35.6865,137.00696,315.5,0.46,0.63,12/20/2019,1642,N,VIIRS,n,1.0NRT,286.1,6.8,N
-35.68674,137.01227,310.3,0.46,0.63,12/20/2019,1642,N,VIIRS,n,1.0NRT,285.5,6.8,N
-35.74038,137.02249,345,0.55,0.42,12/21/2019,500,N,VIIRS,n,1.0NRT,294.7,12.6,D
-35.71918,137.08702,346,0.55,0.43,12/21/2019,500,N,VIIRS,n,1.0NRT,301.2,18.1,D
-35.72897,137.0383,355.9,0.55,0.42,12/21/2019,500,N,VIIRS,n,1.0NRT,298.6,46.9,D
-35.72308,137.0882,345.4,0.55,0.43,12/21/2019,500,N,VIIRS,n,1.0NRT,300.9,37.9,D
-35.72431,137.08205,347.1,0.55,0.43,12/21/2019,500,N,VIIRS,n,1.0NRT,294.2,18.7,D
-35.73164,137.04552,342.5,0.55,0.43,12/21/2019,500,N,VIIRS,n,1.0NRT,284.8,30.5,D
-35.73286,137.03947,357.2,0.55,0.42,12/21/2019,500,N,VIIRS,n,1.0NRT,307.8,30.5,D
-35.73552,137.04674,355.4,0.55,0.43,12/21/2019,500,N,VIIRS,n,1.0NRT,294.6,30.5,D
-35.73795,137.03462,350.2,0.55,0.42,12/21/2019,500,N,VIIRS,n,1.0NRT,306,177.7,D
-35.74572,137.03696,367,0.55,0.42,12/21/2019,500,N,VIIRS,h,1.0NRT,327.3,52.4,D
-35.73673,137.04068,367,0.55,0.42,12/21/2019,500,N,VIIRS,h,1.0NRT,299.5,30.5,D
-35.74329,137.0491,351.6,0.55,0.43,12/21/2019,500,N,VIIRS,n,1.0NRT,307.1,43.7,D
-35.7445,137.04301,352.8,0.55,0.42,12/21/2019,500,N,VIIRS,n,1.0NRT,310.8,43.7,D
-35.74304,137.02975,355,0.55,0.42,12/21/2019,500,N,VIIRS,n,1.0NRT,294.6,52.4,D
-35.74183,137.0358,354.2,0.55,0.42,12/21/2019,500,N,VIIRS,n,1.0NRT,309.9,52.4,D
-35.74692,137.03091,367,0.55,0.42,12/21/2019,500,N,VIIRS,l,1.0NRT,334.6,52.4,D
-35.73818,137.05402,343.9,0.55,0.43,12/21/2019,500,N,VIIRS,n,1.0NRT,284.8,53.4,D
-35.74062,137.04185,352.7,0.55,0.42,12/21/2019,500,N,VIIRS,n,1.0NRT,305.3,43.7,D
-35.76873,137.03822,351.7,0.55,0.42,12/21/2019,500,N,VIIRS,n,1.0NRT,307.1,63.5,D
-35.74043,137.05554,341.5,0.55,0.43,12/21/2019,500,N,VIIRS,n,1.0NRT,280.4,43.6,D
-35.7496,137.03812,350.7,0.55,0.42,12/21/2019,500,N,VIIRS,l,1.0NRT,332,85.3,D
-35.74293,137.04341,351.5,0.55,0.42,12/21/2019,500,N,VIIRS,n,1.0NRT,308.8,41.2,D
-35.74717,137.05028,353.4,0.55,0.43,12/21/2019,500,N,VIIRS,n,1.0NRT,297.4,67.5,D
-35.75349,137.03929,367,0.55,0.42,12/21/2019,500,N,VIIRS,h,1.0NRT,341.2,85.3,D
-35.75469,137.03325,352.6,0.55,0.42,12/21/2019,500,N,VIIRS,n,1.0NRT,309.4,85.3,D
-35.74839,137.04419,367,0.55,0.42,12/21/2019,500,N,VIIRS,h,1.0NRT,311,67.5,D
-35.75737,137.04042,367,0.55,0.42,12/21/2019,500,N,VIIRS,l,1.0NRT,327,143.6,D
-35.75858,137.03438,367,0.55,0.42,12/21/2019,500,N,VIIRS,l,1.0NRT,329.9,143.6,D
-35.76005,137.04764,347.7,0.55,0.42,12/21/2019,500,N,VIIRS,n,1.0NRT,298.6,62.9,D
-35.75616,137.04651,353.3,0.55,0.42,12/21/2019,500,N,VIIRS,n,1.0NRT,311.1,62.9,D
-35.76361,137.04311,353.2,0.55,0.42,12/21/2019,500,N,VIIRS,n,1.0NRT,294.4,40.8,D
-35.74806,137.03853,355.2,0.55,0.42,12/21/2019,500,N,VIIRS,l,1.0NRT,325.9,41.2,D
-35.7507,137.04575,355.1,0.55,0.42,12/21/2019,500,N,VIIRS,n,1.0NRT,304.1,83.5,D
-35.7493,137.0325,367,0.55,0.42,12/21/2019,500,N,VIIRS,l,1.0NRT,338.8,213.1,D
-35.74557,137.05064,353.7,0.55,0.42,12/21/2019,500,N,VIIRS,n,1.0NRT,297.2,43.6,D
-35.74681,137.04459,356.2,0.55,0.42,12/21/2019,500,N,VIIRS,n,1.0NRT,309,41.2,D
-35.75195,137.03969,367,0.55,0.42,12/21/2019,500,N,VIIRS,h,1.0NRT,339,83.5,D
-35.75848,137.04802,351.8,0.55,0.42,12/21/2019,500,N,VIIRS,n,1.0NRT,295.4,40.8,D
-35.75319,137.03368,367,0.55,0.42,12/21/2019,500,N,VIIRS,h,1.0NRT,306.6,100.3,D
-35.74946,137.0518,340.2,0.55,0.42,12/21/2019,500,N,VIIRS,n,1.0NRT,290.8,12,D
-35.75584,137.04083,367,0.55,0.42,12/21/2019,500,N,VIIRS,l,1.0NRT,336.7,83.5,D
-35.75972,137.04196,367,0.55,0.42,12/21/2019,500,N,VIIRS,l,1.0NRT,328.2,40.8,D
-35.76096,137.03592,352.3,0.55,0.42,12/21/2019,500,N,VIIRS,l,1.0NRT,326.1,203,D
-35.75459,137.04691,353.1,0.55,0.42,12/21/2019,500,N,VIIRS,n,1.0NRT,310.8,83.5,D
-35.77262,137.03938,353.2,0.55,0.42,12/21/2019,500,N,VIIRS,n,1.0NRT,289,63.5,D
-35.7675,137.04428,343.7,0.55,0.42,12/21/2019,500,N,VIIRS,n,1.0NRT,285.8,15,D
-35.6619,137.08397,341.4,0.55,0.43,12/21/2019,500,N,VIIRS,n,1.0NRT,295.8,3,D
-35.66684,137.05977,347.5,0.55,0.43,12/21/2019,500,N,VIIRS,n,1.0NRT,293.6,11.1,D
-35.6756,137.01688,347.8,0.55,0.42,12/21/2019,500,N,VIIRS,n,1.0NRT,298.7,7.6,D
-35.67492,137.08104,346.8,0.55,0.43,12/21/2019,500,N,VIIRS,n,1.0NRT,303.1,56,D
-35.69571,137.08046,367,0.55,0.43,12/21/2019,500,N,VIIRS,h,1.0NRT,318.8,17.7,D
-35.6708,137.06064,354.3,0.55,0.43,12/21/2019,500,N,VIIRS,n,1.0NRT,303.2,14.8,D
-35.66459,137.09108,337.2,0.55,0.43,12/21/2019,500,N,VIIRS,n,1.0NRT,300.2,28.8,D
-35.66955,137.06682,335.3,0.55,0.43,12/21/2019,500,N,VIIRS,n,1.0NRT,293,14.8,D
-35.66581,137.08507,351.4,0.55,0.43,12/21/2019,500,N,VIIRS,n,1.0NRT,308.5,28.8,D
-35.67747,137.06853,348.3,0.55,0.43,12/21/2019,500,N,VIIRS,n,1.0NRT,308,126.3,D
-35.66849,137.09225,357.3,0.55,0.43,12/21/2019,500,N,VIIRS,n,1.0NRT,309.3,28.8,D
-35.67097,137.08009,344.7,0.55,0.43,12/21/2019,500,N,VIIRS,n,1.0NRT,304.6,11.4,D
-35.67477,137.06145,345.2,0.55,0.43,12/21/2019,500,N,VIIRS,n,1.0NRT,301.2,14.8,D
-35.66726,137.09825,342.4,0.55,0.43,12/21/2019,500,N,VIIRS,n,1.0NRT,305,8.4,D
-35.66605,137.10423,335.1,0.55,0.43,12/21/2019,500,N,VIIRS,n,1.0NRT,301.4,8.4,D
-35.66994,137.10542,336.8,0.55,0.43,12/21/2019,500,N,VIIRS,n,1.0NRT,307.2,26.4,D
-35.6763,137.09456,336.2,0.55,0.43,12/21/2019,500,N,VIIRS,l,1.0NRT,309.1,4.7,D
-35.67117,137.09941,351.1,0.55,0.43,12/21/2019,500,N,VIIRS,n,1.0NRT,314.9,26.4,D
-35.67365,137.08727,333.7,0.55,0.43,12/21/2019,500,N,VIIRS,l,1.0NRT,303.9,4.7,D
-35.67239,137.09341,349.4,0.55,0.43,12/21/2019,500,N,VIIRS,n,1.0NRT,307.9,4.7,D
-35.67757,137.08833,334.5,0.55,0.43,12/21/2019,500,N,VIIRS,n,1.0NRT,303.9,4.7,D
-35.68014,137.07571,367,0.55,0.43,12/21/2019,500,N,VIIRS,l,1.0NRT,327.7,56,D
-35.67887,137.08192,356.1,0.55,0.43,12/21/2019,500,N,VIIRS,n,1.0NRT,309.9,56,D
-35.68148,137.08942,333.7,0.55,0.43,12/21/2019,500,N,VIIRS,n,1.0NRT,303.2,12.8,D
-35.67508,137.10056,356.3,0.55,0.43,12/21/2019,500,N,VIIRS,n,1.0NRT,320.3,26.4,D
-35.68527,137.07077,351.3,0.55,0.43,12/21/2019,500,N,VIIRS,n,1.0NRT,304.6,133.4,D
-35.68402,137.0769,367,0.55,0.43,12/21/2019,500,N,VIIRS,h,1.0NRT,348,109.3,D
-35.6802,137.09572,346.4,0.55,0.43,12/21/2019,500,N,VIIRS,n,1.0NRT,313.6,12.8,D
-35.679,137.10162,350.2,0.55,0.43,12/21/2019,500,N,VIIRS,n,1.0NRT,316.2,23,D
-35.68276,137.08315,367,0.55,0.43,12/21/2019,500,N,VIIRS,h,1.0NRT,312.5,109.3,D
-35.68917,137.07193,367,0.55,0.43,12/21/2019,500,N,VIIRS,l,1.0NRT,331.1,133.4,D
-35.69445,137.08669,339.5,0.55,0.43,12/21/2019,500,N,VIIRS,n,1.0NRT,305.7,17.7,D
-35.68665,137.08437,345.9,0.55,0.43,12/21/2019,500,N,VIIRS,n,1.0NRT,309.4,109.3,D
-35.69197,137.09891,337,0.55,0.43,12/21/2019,500,N,VIIRS,n,1.0NRT,304.6,36.9,D
-35.68538,137.09062,353.8,0.55,0.43,12/21/2019,500,N,VIIRS,n,1.0NRT,308.5,12.8,D
-35.68412,137.09682,352.2,0.55,0.43,12/21/2019,500,N,VIIRS,n,1.0NRT,317.2,12.8,D
-35.68294,137.10263,348.9,0.55,0.43,12/21/2019,500,N,VIIRS,n,1.0NRT,315.4,23,D
-35.70808,137.0193,353.4,0.55,0.42,12/21/2019,500,N,VIIRS,n,1.0NRT,288.9,17.7,D
-35.70418,137.0182,344.2,0.55,0.42,12/21/2019,500,N,VIIRS,n,1.0NRT,287,17.7,D
-35.68806,137.09779,336.3,0.55,0.43,12/21/2019,500,N,VIIRS,n,1.0NRT,303.5,36.9,D
-35.68929,137.09175,355.8,0.55,0.43,12/21/2019,500,N,VIIRS,n,1.0NRT,306.9,36.9,D
-35.69181,137.0793,354.2,0.55,0.43,12/21/2019,500,N,VIIRS,n,1.0NRT,315,17.7,D
-35.69054,137.08554,337.1,0.55,0.43,12/21/2019,500,N,VIIRS,n,1.0NRT,303.8,17.7,D
-35.69308,137.07304,367,0.55,0.43,12/21/2019,500,N,VIIRS,h,1.0NRT,348,255.3,D
-35.69698,137.07417,367,0.55,0.43,12/21/2019,500,N,VIIRS,l,1.0NRT,335.2,255.3,D
-35.69589,137.09998,333.7,0.55,0.43,12/21/2019,500,N,VIIRS,n,1.0NRT,298.6,29.5,D
-35.70089,137.07526,356.4,0.55,0.43,12/21/2019,500,N,VIIRS,n,1.0NRT,317.6,39.7,D
-35.69711,137.09396,345.9,0.55,0.43,12/21/2019,500,N,VIIRS,n,1.0NRT,313.5,29.5,D
-35.71708,137.01547,350.8,0.55,0.42,12/21/2019,500,N,VIIRS,n,1.0NRT,286.9,14.7,D
-35.70496,137.09605,350.5,0.55,0.43,12/21/2019,500,N,VIIRS,n,1.0NRT,310.4,53.7,D
-35.69963,137.0815,367,0.55,0.43,12/21/2019,500,N,VIIRS,h,1.0NRT,309.9,25,D
-35.70622,137.08978,345.6,0.55,0.43,12/21/2019,500,N,VIIRS,n,1.0NRT,308.6,26.1,D
-35.70103,137.09503,345.4,0.55,0.43,12/21/2019,500,N,VIIRS,n,1.0NRT,312.5,29.5,D
-35.71854,137.02869,349.6,0.55,0.42,12/21/2019,500,N,VIIRS,n,1.0NRT,281.1,16,D
-35.71013,137.09091,349.6,0.55,0.43,12/21/2019,500,N,VIIRS,n,1.0NRT,313.9,26.1,D
-35.72607,137.01175,345,0.55,0.42,12/21/2019,500,N,VIIRS,n,1.0NRT,290.2,5.6,D
-35.71528,137.08586,340.3,0.55,0.43,12/21/2019,500,N,VIIRS,n,1.0NRT,300.4,18.1,D
-35.76628,137.00026,295.5,0.69,0.74,12/21/2019,1442,N,VIIRS,n,1.0NRT,278.9,28.4,N
-35.76935,137.03383,299.9,0.69,0.74,12/21/2019,1442,N,VIIRS,n,1.0NRT,282.1,2.3,N
-35.76447,137.01852,303.4,0.69,0.74,12/21/2019,1442,N,VIIRS,n,1.0NRT,281.3,4,N
-35.76688,137.02608,298.7,0.69,0.74,12/21/2019,1442,N,VIIRS,n,1.0NRT,281.9,4,N
-35.76207,137.01103,354.9,0.69,0.74,12/21/2019,1442,N,VIIRS,n,1.0NRT,287.1,28.4,N
-35.75959,137.00323,355.9,0.69,0.74,12/21/2019,1442,N,VIIRS,n,1.0NRT,301.8,28.4,N
-35.67768,137.05199,303.9,0.69,0.74,12/21/2019,1442,N,VIIRS,n,1.0NRT,281.1,8.4,N
-35.68699,137.08127,303.1,0.69,0.74,12/21/2019,1442,N,VIIRS,n,1.0NRT,282.4,2.8,N
-35.68923,137.08829,314,0.69,0.74,12/21/2019,1442,N,VIIRS,n,1.0NRT,283.7,2.8,N
-35.76199,137.0047,367,0.69,0.74,12/21/2019,1442,N,VIIRS,h,1.0NRT,286.5,29.4,N
-35.76442,137.01248,312.7,0.69,0.74,12/21/2019,1442,N,VIIRS,n,1.0NRT,281.4,10.9,N
-35.77158,137.03537,298.8,0.69,0.74,12/21/2019,1442,N,VIIRS,n,1.0NRT,281.5,1.7,N
-35.69437,137.10448,313.3,0.69,0.74,12/21/2019,1442,N,VIIRS,n,1.0NRT,282.9,4,N
-35.75342,137.02602,296.3,0.69,0.74,12/21/2019,1442,N,VIIRS,n,1.0NRT,281,4.4,N
-35.76251,137.0307,296.9,0.69,0.74,12/21/2019,1442,N,VIIRS,n,1.0NRT,281.8,1.7,N
-35.76498,137.03859,297.2,0.69,0.74,12/21/2019,1442,N,VIIRS,n,1.0NRT,281.7,1.7,N
-35.76007,137.02293,311.4,0.69,0.74,12/21/2019,1442,N,VIIRS,n,1.0NRT,281.5,10.9,N
-35.7553,137.00771,367,0.69,0.74,12/21/2019,1442,N,VIIRS,h,1.0NRT,296.9,29.4,N
-35.75771,137.0154,343.1,0.69,0.74,12/21/2019,1442,N,VIIRS,n,1.0NRT,282.1,10.9,N
-35.75291,137.00011,356.8,0.69,0.75,12/21/2019,1442,N,VIIRS,n,1.0NRT,287.9,29.4,N
-35.68908,137.06383,335.5,0.69,0.74,12/21/2019,1442,N,VIIRS,n,1.0NRT,283.1,5.9,N
-35.72561,137.08287,313.8,0.69,0.74,12/21/2019,1442,N,VIIRS,n,1.0NRT,281.7,2.8,N
-35.74872,137.01105,339.5,0.69,0.74,12/21/2019,1442,N,VIIRS,n,1.0NRT,285,4.2,N
-35.74211,137.0143,298,0.69,0.74,12/21/2019,1442,N,VIIRS,n,1.0NRT,281.2,4.2,N
-35.72221,137.02382,305.6,0.69,0.74,12/21/2019,1442,N,VIIRS,n,1.0NRT,282.7,2.2,N
-35.70636,137.02199,302.4,0.69,0.75,12/21/2019,1442,N,VIIRS,n,1.0NRT,281.9,0.7,N
-35.69147,137.07133,316.1,0.69,0.74,12/21/2019,1442,N,VIIRS,n,1.0NRT,283.2,5.9,N
-35.69372,137.07845,301.9,0.69,0.74,12/21/2019,1442,N,VIIRS,n,1.0NRT,282.6,2.8,N
-35.71222,137.0887,295.7,0.69,0.74,12/21/2019,1442,N,VIIRS,n,1.0NRT,281.8,1.7,N
-35.69605,137.08577,296.9,0.69,0.74,12/21/2019,1442,N,VIIRS,n,1.0NRT,282.6,2.8,N
-35.71894,137.08588,305.7,0.69,0.74,12/21/2019,1442,N,VIIRS,n,1.0NRT,282.2,2.8,N
-35.70304,137.08379,296.9,0.69,0.74,12/21/2019,1442,N,VIIRS,n,1.0NRT,281.2,2.4,N
-35.69841,137.0932,309.1,0.69,0.74,12/21/2019,1442,N,VIIRS,n,1.0NRT,282.9,4,N
-35.70539,137.0912,304.3,0.69,0.74,12/21/2019,1442,N,VIIRS,n,1.0NRT,283.2,1.7,N
-35.70782,137.09885,306.5,0.69,0.74,12/21/2019,1442,N,VIIRS,n,1.0NRT,281.9,1.7,N
-35.70107,137.10158,316.2,0.69,0.74,12/21/2019,1442,N,VIIRS,n,1.0NRT,282.8,4,N
-35.70063,137.07619,307.3,0.69,0.74,12/21/2019,1442,N,VIIRS,n,1.0NRT,282.3,2.4,N
-35.69831,137.06886,327.7,0.69,0.74,12/21/2019,1442,N,VIIRS,n,1.0NRT,282.5,3.5,N
-35.69586,137.06114,307.4,0.69,0.74,12/21/2019,1442,N,VIIRS,n,1.0NRT,280.9,3.5,N
-35.7201,137.08206,295.3,0.69,0.74,12/21/2019,1442,N,VIIRS,n,1.0NRT,281,3.4,N
-35.68028,137.08414,297.6,0.69,0.74,12/21/2019,1442,N,VIIRS,n,1.0NRT,282.2,6,N
-35.68474,137.07416,325.2,0.69,0.74,12/21/2019,1442,N,VIIRS,n,1.0NRT,283.1,5.9,N
-35.69164,137.09587,334.6,0.69,0.74,12/21/2019,1442,N,VIIRS,n,1.0NRT,285.5,4,N
-35.72238,137.08942,313.9,0.69,0.74,12/21/2019,1442,N,VIIRS,n,1.0NRT,282.7,3.3,N
-35.68242,137.06686,342.3,0.69,0.74,12/21/2019,1442,N,VIIRS,n,1.0NRT,284,5.9,N
-35.6879,137.10809,297.7,0.69,0.74,12/21/2019,1442,N,VIIRS,n,1.0NRT,281.6,4.4,N
-35.67799,137.07697,312.6,0.69,0.74,12/21/2019,1442,N,VIIRS,n,1.0NRT,282.3,4.5,N
-35.68494,137.0988,336.7,0.69,0.74,12/21/2019,1442,N,VIIRS,n,1.0NRT,283.3,4.4,N
-35.72905,137.08641,299.7,0.69,0.74,12/21/2019,1442,N,VIIRS,n,1.0NRT,281.1,1.3,N
-35.70774,137.01762,301.3,0.69,0.75,12/21/2019,1442,N,VIIRS,n,1.0NRT,282.2,1.4,N
-35.70428,137.08006,303.9,0.69,0.74,12/21/2019,1442,N,VIIRS,n,1.0NRT,281.8,3.6,N
-35.70892,137.09496,313.4,0.69,0.74,12/21/2019,1442,N,VIIRS,n,1.0NRT,283,2.6,N
-35.70196,137.0726,300.2,0.69,0.74,12/21/2019,1442,N,VIIRS,n,1.0NRT,281.4,2.8,N
-35.69962,137.06506,316,0.69,0.74,12/21/2019,1442,N,VIIRS,n,1.0NRT,280.9,2.8,N
-35.70206,137.09737,319.6,0.69,0.74,12/21/2019,1442,N,VIIRS,n,1.0NRT,283.7,2.6,N
-35.67911,137.04813,296.5,0.69,0.74,12/21/2019,1442,N,VIIRS,n,1.0NRT,281.1,2.7,N
-35.68832,137.07767,304,0.69,0.74,12/21/2019,1442,N,VIIRS,n,1.0NRT,282.4,4.7,N
-35.69052,137.08472,307.8,0.69,0.74,12/21/2019,1442,N,VIIRS,n,1.0NRT,283.1,3.9,N
-35.69507,137.07491,307.4,0.69,0.74,12/21/2019,1442,N,VIIRS,n,1.0NRT,282.8,2.8,N
-35.69733,137.08214,300.6,0.69,0.74,12/21/2019,1442,N,VIIRS,n,1.0NRT,282.9,3.6,N
-35.69044,137.06006,315.7,0.69,0.74,12/21/2019,1442,N,VIIRS,n,1.0NRT,282.2,5.9,N
-35.69281,137.09204,309.5,0.69,0.74,12/21/2019,1442,N,VIIRS,n,1.0NRT,283.5,3.9,N
-35.6928,137.06761,321.2,0.69,0.74,12/21/2019,1442,N,VIIRS,n,1.0NRT,283.8,2.8,N
-35.67541,137.01181,300.2,0.7,0.75,12/21/2019,1442,N,VIIRS,n,1.0NRT,282.2,1.3,N
-35.68608,137.09485,318.4,0.69,0.74,12/21/2019,1442,N,VIIRS,n,1.0NRT,283.3,3.9,N
-35.68888,137.10385,298.7,0.69,0.74,12/21/2019,1442,N,VIIRS,n,1.0NRT,281.8,5.4,N
-35.69534,137.10017,347.9,0.69,0.74,12/21/2019,1442,N,VIIRS,n,1.0NRT,285.6,5.4,N
-35.68375,137.063,323.4,0.69,0.74,12/21/2019,1442,N,VIIRS,n,1.0NRT,281.9,5.1,N
-35.68604,137.07034,352.4,0.69,0.74,12/21/2019,1442,N,VIIRS,n,1.0NRT,284.7,4.7,N
-35.67021,137.09279,295.1,0.69,0.74,12/21/2019,1442,N,VIIRS,n,1.0NRT,282.6,2.4,N
-35.68377,137.08745,301.5,0.69,0.74,12/21/2019,1442,N,VIIRS,n,1.0NRT,283.2,3.9,N
-35.67689,137.06541,305.4,0.69,0.74,12/21/2019,1442,N,VIIRS,n,1.0NRT,282.1,5.1,N
-35.67937,137.07338,318.2,0.69,0.74,12/21/2019,1442,N,VIIRS,n,1.0NRT,283.3,4.7,N
-35.68166,137.08069,312,0.69,0.74,12/21/2019,1442,N,VIIRS,n,1.0NRT,282.6,4.7,N
-35.67444,137.05757,295.1,0.69,0.74,12/21/2019,1442,N,VIIRS,n,1.0NRT,281.4,5.1,N
-35.67274,137.10089,303.6,0.69,0.74,12/21/2019,1442,N,VIIRS,n,1.0NRT,283,2.4,N
-35.68214,137.1066,320.3,0.69,0.74,12/21/2019,1442,N,VIIRS,n,1.0NRT,282.3,4,N
-35.6793,137.0975,309.7,0.69,0.74,12/21/2019,1442,N,VIIRS,n,1.0NRT,281.9,2.4,N
-35.74729,137.01033,310.4,0.5,0.49,12/21/2019,1624,N,VIIRS,n,1.0NRT,284.7,1,N
-35.74779,137.01604,301,0.5,0.49,12/21/2019,1624,N,VIIRS,n,1.0NRT,283.2,1,N
-35.75239,137.01549,321.2,0.5,0.49,12/21/2019,1624,N,VIIRS,n,1.0NRT,283,47.3,N
-35.74881,137.02754,299.4,0.5,0.49,12/21/2019,1624,N,VIIRS,n,1.0NRT,282.1,0.8,N
-35.75188,137.00977,351.6,0.5,0.49,12/21/2019,1624,N,VIIRS,n,1.0NRT,318.7,47.3,N
-35.74623,137.05104,303.8,0.5,0.49,12/21/2019,1624,N,VIIRS,n,1.0NRT,281.7,1.2,N
-35.7432,137.01665,298,0.5,0.49,12/21/2019,1624,N,VIIRS,n,1.0NRT,283,1,N
-35.74163,137.05165,309.1,0.5,0.49,12/21/2019,1624,N,VIIRS,n,1.0NRT,281.9,1.6,N
-35.73552,137.03506,298.2,0.5,0.49,12/21/2019,1624,N,VIIRS,n,1.0NRT,277.2,0.8,N
-35.72622,137.08867,340.2,0.51,0.49,12/21/2019,1624,N,VIIRS,n,1.0NRT,287.5,5.1,N
-35.72572,137.08289,297.4,0.51,0.49,12/21/2019,1624,N,VIIRS,n,1.0NRT,281.3,5.1,N
-35.72073,137.02542,311.7,0.5,0.49,12/21/2019,1624,N,VIIRS,n,1.0NRT,280.1,2,N
-35.72024,137.01974,304.7,0.5,0.49,12/21/2019,1624,N,VIIRS,n,1.0NRT,282.7,1.9,N
-35.71107,137.0211,320.5,0.5,0.49,12/21/2019,1624,N,VIIRS,n,1.0NRT,283.3,4.9,N
-35.71565,137.02042,309.2,0.5,0.49,12/21/2019,1624,N,VIIRS,n,1.0NRT,283.7,1.9,N
-35.72161,137.08934,327.6,0.51,0.49,12/21/2019,1624,N,VIIRS,n,1.0NRT,285.1,5.1,N
-35.71701,137.09004,298.9,0.51,0.49,12/21/2019,1624,N,VIIRS,n,1.0NRT,281.2,1,N
-35.70831,137.09735,327.1,0.51,0.49,12/21/2019,1624,N,VIIRS,n,1.0NRT,283.3,3.4,N
-35.71241,137.09073,298.5,0.51,0.49,12/21/2019,1624,N,VIIRS,n,1.0NRT,282.2,1,N
-35.70649,137.02182,344.7,0.5,0.49,12/21/2019,1624,N,VIIRS,n,1.0NRT,285.1,4.9,N
-35.70781,137.09152,318.8,0.51,0.49,12/21/2019,1624,N,VIIRS,n,1.0NRT,284.6,4,N
-35.6853,137.10104,301.2,0.51,0.49,12/21/2019,1624,N,VIIRS,n,1.0NRT,281.4,0.9,N
-35.70222,137.08069,328.6,0.5,0.49,12/21/2019,1624,N,VIIRS,n,1.0NRT,284.5,4.2,N
-35.67937,137.07297,301.5,0.5,0.49,12/21/2019,1624,N,VIIRS,n,1.0NRT,282.5,1.1,N
-35.70371,137.09816,326.4,0.51,0.49,12/21/2019,1624,N,VIIRS,n,1.0NRT,284.7,3.4,N
-35.68575,137.10641,297.8,0.51,0.49,12/21/2019,1624,N,VIIRS,n,1.0NRT,281.1,0.9,N
-35.69765,137.08163,300.4,0.5,0.49,12/21/2019,1624,N,VIIRS,n,1.0NRT,282.5,0.8,N
-35.69355,137.08835,303.4,0.51,0.49,12/21/2019,1624,N,VIIRS,n,1.0NRT,280.6,2,N
-35.69958,137.10446,296.7,0.51,0.49,12/21/2019,1624,N,VIIRS,n,1.0NRT,275.9,9.7,N
-35.70123,137.06895,320.3,0.5,0.49,12/21/2019,1624,N,VIIRS,n,1.0NRT,281,2.4,N
-35.69405,137.09421,295.1,0.51,0.49,12/21/2019,1624,N,VIIRS,n,1.0NRT,280.6,2,N
-35.69615,137.064,314.6,0.5,0.49,12/21/2019,1624,N,VIIRS,n,1.0NRT,278.2,2.3,N
-35.69714,137.07573,300.1,0.5,0.49,12/21/2019,1624,N,VIIRS,n,1.0NRT,280.9,0.8,N
-35.69664,137.06976,314.3,0.5,0.49,12/21/2019,1624,N,VIIRS,n,1.0NRT,282.9,2.3,N
-35.69912,137.09898,351.8,0.51,0.49,12/21/2019,1624,N,VIIRS,n,1.0NRT,287.7,9.7,N
-35.69156,137.06479,337.4,0.5,0.49,12/21/2019,1624,N,VIIRS,n,1.0NRT,281.8,2.3,N
-35.69205,137.07057,305.7,0.5,0.49,12/21/2019,1624,N,VIIRS,n,1.0NRT,282.1,2.3,N
-35.69255,137.07651,295.1,0.5,0.49,12/21/2019,1624,N,VIIRS,n,1.0NRT,277,0.8,N
-35.69452,137.09975,343.1,0.51,0.49,12/21/2019,1624,N,VIIRS,n,1.0NRT,294.8,9.7,N
-35.69107,137.05901,298.6,0.5,0.49,12/21/2019,1624,N,VIIRS,n,1.0NRT,277.1,2.4,N
-35.69498,137.10521,337.2,0.51,0.49,12/21/2019,1624,N,VIIRS,n,1.0NRT,280,9.7,N
-35.68745,137.07135,326.3,0.5,0.49,12/21/2019,1624,N,VIIRS,n,1.0NRT,282.7,1.6,N
-35.68945,137.09492,298.9,0.51,0.49,12/21/2019,1624,N,VIIRS,n,1.0NRT,278.8,1.9,N
-35.6899,137.10034,309.4,0.51,0.49,12/21/2019,1624,N,VIIRS,n,1.0NRT,283.1,0.9,N
-35.68896,137.08914,321.5,0.51,0.49,12/21/2019,1624,N,VIIRS,n,1.0NRT,283.4,1.9,N
-35.68845,137.08316,302.7,0.5,0.49,12/21/2019,1624,N,VIIRS,n,1.0NRT,279.9,1,N
-35.68696,137.06554,299.4,0.5,0.49,12/21/2019,1624,N,VIIRS,n,1.0NRT,275.7,1.6,N
-35.68285,137.07196,301.8,0.5,0.49,12/21/2019,1624,N,VIIRS,n,1.0NRT,280.5,1.6,N
-35.67989,137.07875,311,0.5,0.49,12/21/2019,1624,N,VIIRS,n,1.0NRT,282.1,1.1,N
-35.68334,137.0778,308.4,0.5,0.49,12/21/2019,1624,N,VIIRS,n,1.0NRT,279.9,1,N
-35.68385,137.08382,295.7,0.5,0.49,12/21/2019,1624,N,VIIRS,n,1.0NRT,277.8,1,N
-35.67874,137.07852,301.7,0.5,0.49,12/21/2019,1624,N,VIIRS,n,1.0NRT,281.7,0.8,N
-35.67851,137.02057,303.2,0.5,0.49,12/21/2019,1624,N,VIIRS,n,1.0NRT,280.4,0.7,N
-35.67925,137.08453,301.3,0.5,0.49,12/21/2019,1624,N,VIIRS,n,1.0NRT,280.1,0.8,N
-35.67398,137.02187,330.3,0.5,0.49,12/21/2019,1624,N,VIIRS,n,1.0NRT,285.1,2.8,N
-35.6768,137.05533,297.7,0.5,0.49,12/21/2019,1624,N,VIIRS,n,1.0NRT,277.7,1.1,N
-35.67586,137.0442,327.4,0.5,0.49,12/21/2019,1624,N,VIIRS,n,1.0NRT,282.9,2.9,N
-35.66688,137.10393,298.8,0.51,0.49,12/21/2019,1624,N,VIIRS,n,1.0NRT,282.6,1.1,N
-35.67149,137.10332,308.7,0.51,0.49,12/21/2019,1624,N,VIIRS,n,1.0NRT,283.5,1.1,N
-35.68044,137.08482,299.9,0.5,0.49,12/21/2019,1624,N,VIIRS,n,1.0NRT,280.4,1,N
-35.68659,137.10124,300.4,0.51,0.49,12/21/2019,1624,N,VIIRS,n,1.0NRT,281.7,1.1,N
-35.68559,137.09015,301.3,0.5,0.49,12/21/2019,1624,N,VIIRS,n,1.0NRT,282.6,1,N
-35.6861,137.09586,299.8,0.51,0.49,12/21/2019,1624,N,VIIRS,n,1.0NRT,279.5,1.1,N
-35.6845,137.07816,301.7,0.5,0.49,12/21/2019,1624,N,VIIRS,n,1.0NRT,278.1,1.1,N
-35.68397,137.07231,309.9,0.5,0.49,12/21/2019,1624,N,VIIRS,n,1.0NRT,281.3,1.1,N
-35.67885,137.0672,301.5,0.5,0.49,12/21/2019,1624,N,VIIRS,n,1.0NRT,279.4,1.8,N
-35.67428,137.01677,303.7,0.5,0.49,12/21/2019,1624,N,VIIRS,n,1.0NRT,283.9,2.1,N
-35.67679,137.04443,321.6,0.5,0.49,12/21/2019,1624,N,VIIRS,n,1.0NRT,281.8,3,N
-35.67477,137.02217,324.8,0.5,0.49,12/21/2019,1624,N,VIIRS,n,1.0NRT,283.7,2.1,N
-35.6728,137.10352,307.1,0.51,0.49,12/21/2019,1624,N,VIIRS,n,1.0NRT,284,2.1,N
-35.77229,137.03004,296.1,0.5,0.49,12/21/2019,1624,N,VIIRS,n,1.0NRT,281.2,2.5,N
-35.77627,137.04076,298.7,0.5,0.49,12/21/2019,1624,N,VIIRS,n,1.0NRT,281.9,0.8,N
-35.77331,137.04138,303.1,0.5,0.49,12/21/2019,1624,N,VIIRS,n,1.0NRT,282.2,1.5,N
-35.77072,137.03009,315.3,0.5,0.49,12/21/2019,1624,N,VIIRS,n,1.0NRT,282.3,2.6,N
-35.76613,137.03072,324.1,0.5,0.49,12/21/2019,1624,N,VIIRS,n,1.0NRT,285.1,2.6,N
-35.77167,137.04143,295.4,0.5,0.49,12/21/2019,1624,N,VIIRS,n,1.0NRT,282.1,1.8,N
-35.77579,137.03506,295.1,0.5,0.49,12/21/2019,1624,N,VIIRS,n,1.0NRT,281.6,0.8,N
-35.76707,137.04207,300.2,0.5,0.49,12/21/2019,1624,N,VIIRS,n,1.0NRT,281,1.8,N
-35.7712,137.03572,327.7,0.5,0.49,12/21/2019,1624,N,VIIRS,n,1.0NRT,284.4,1.8,N
-35.76566,137.02502,312.5,0.5,0.49,12/21/2019,1624,N,VIIRS,n,1.0NRT,283.3,2.6,N
-35.75698,137.01485,324.7,0.5,0.49,12/21/2019,1624,N,VIIRS,n,1.0NRT,294,47.3,N
-35.76719,137.02499,306.1,0.5,0.49,12/21/2019,1624,N,VIIRS,n,1.0NRT,282.6,2,N
-35.76157,137.01416,319.4,0.5,0.49,12/21/2019,1624,N,VIIRS,n,1.0NRT,283,7,N
-35.7682,137.03632,300.8,0.5,0.49,12/21/2019,1624,N,VIIRS,n,1.0NRT,282,2.9,N
-35.7728,137.03569,328.1,0.5,0.49,12/21/2019,1624,N,VIIRS,n,1.0NRT,284,2.5,N
-35.76208,137.01993,307.1,0.5,0.49,12/21/2019,1624,N,VIIRS,n,1.0NRT,282,2,N
-35.76769,137.03069,333.4,0.5,0.49,12/21/2019,1624,N,VIIRS,n,1.0NRT,284.7,2.9,N
-35.76259,137.02565,311.6,0.5,0.49,12/21/2019,1624,N,VIIRS,n,1.0NRT,283.4,2,N
-35.76411,137.04263,309,0.5,0.49,12/21/2019,1624,N,VIIRS,n,1.0NRT,280.5,1.7,N
-35.76055,137.00281,345.7,0.5,0.49,12/21/2019,1624,N,VIIRS,n,1.0NRT,294,8.8,N
-35.76105,137.00845,347.4,0.5,0.49,12/21/2019,1624,N,VIIRS,n,1.0NRT,291.6,7,N
-35.758,137.02631,297.3,0.5,0.49,12/21/2019,1624,N,VIIRS,n,1.0NRT,280.7,1.7,N
-35.75851,137.03195,309.4,0.5,0.49,12/21/2019,1624,N,VIIRS,n,1.0NRT,282.7,1.3,N
-35.75597,137.00346,354.7,0.5,0.49,12/21/2019,1624,N,VIIRS,n,1.0NRT,304.4,12,N
-35.75647,137.00914,367,0.5,0.49,12/21/2019,1624,N,VIIRS,h,1.0NRT,350.9,47.3,N
-35.75341,137.02695,295.8,0.5,0.49,12/21/2019,1624,N,VIIRS,n,1.0NRT,281.6,1.7,N
-35.75137,137.00407,303.6,0.5,0.49,12/21/2019,1624,N,VIIRS,n,1.0NRT,283.9,12,N
-35.68782,137.06067,303.5,0.45,0.39,12/22/2019,1600,N,VIIRS,n,1.0NRT,284.7,2.5,N
-35.69326,137.09941,296.3,0.45,0.39,12/22/2019,1600,N,VIIRS,n,1.0NRT,285.3,2.3,N
-35.69748,137.10362,312.6,0.45,0.39,12/22/2019,1600,N,VIIRS,n,1.0NRT,287.3,2.3,N
-35.69387,137.10432,304.8,0.45,0.39,12/22/2019,1600,N,VIIRS,n,1.0NRT,286.3,2.3,N
-35.69181,137.0582,317.2,0.45,0.39,12/22/2019,1600,N,VIIRS,n,1.0NRT,287.1,1.2,N
-35.69244,137.06323,302.9,0.45,0.39,12/22/2019,1600,N,VIIRS,n,1.0NRT,285.3,1.2,N
-35.69054,137.04807,353.3,0.45,0.39,12/22/2019,1600,N,VIIRS,n,1.0NRT,290.4,4.8,N
-35.69118,137.05315,322.7,0.45,0.39,12/22/2019,1600,N,VIIRS,n,1.0NRT,288.5,4.8,N
-35.6981,137.10858,331.9,0.45,0.39,12/22/2019,1600,N,VIIRS,n,1.0NRT,289.6,7,N
-35.68694,137.04874,335,0.45,0.39,12/22/2019,1600,N,VIIRS,n,1.0NRT,291,4.8,N
-35.69304,137.10103,301.9,0.45,0.39,12/22/2019,1600,N,VIIRS,n,1.0NRT,285.7,1.9,N
-35.68821,137.05891,308.5,0.45,0.39,12/22/2019,1600,N,VIIRS,n,1.0NRT,285.5,1.2,N
-35.69201,137.08939,298.8,0.45,0.39,12/22/2019,1600,N,VIIRS,n,1.0NRT,285.5,0.5,N
-35.69449,137.1093,344.7,0.45,0.39,12/22/2019,1600,N,VIIRS,n,1.0NRT,289.4,7,N
-35.68758,137.05382,299.3,0.45,0.39,12/22/2019,1600,N,VIIRS,n,1.0NRT,285.9,4.8,N
-35.68632,137.04372,319.7,0.45,0.39,12/22/2019,1600,N,VIIRS,n,1.0NRT,286,5,N
-35.67791,137.03535,315,0.45,0.39,12/22/2019,1600,N,VIIRS,n,1.0NRT,286.7,1.9,N
-35.69088,137.10995,332,0.45,0.39,12/22/2019,1600,N,VIIRS,n,1.0NRT,287.6,3.4,N
-35.68272,137.04445,298.3,0.45,0.39,12/22/2019,1600,N,VIIRS,n,1.0NRT,285,0.8,N
-35.68966,137.10007,309.9,0.45,0.39,12/22/2019,1600,N,VIIRS,n,1.0NRT,286.3,3.3,N
-35.67852,137.04031,299.4,0.45,0.39,12/22/2019,1600,N,VIIRS,n,1.0NRT,285.5,0.8,N
-35.69026,137.10498,337.1,0.45,0.39,12/22/2019,1600,N,VIIRS,n,1.0NRT,289.5,3.3,N
-35.67913,137.04521,313.4,0.45,0.39,12/22/2019,1600,N,VIIRS,n,1.0NRT,287,0.8,N
-35.68461,137.0596,341.8,0.45,0.39,12/22/2019,1600,N,VIIRS,n,1.0NRT,287.9,7.7,N
-35.67677,137.03217,304.5,0.45,0.39,12/22/2019,1600,N,VIIRS,n,1.0NRT,286.2,1.1,N
-35.69367,137.10597,333.7,0.45,0.39,12/22/2019,1600,N,VIIRS,n,1.0NRT,291.2,5.6,N
-35.69431,137.11095,328.3,0.45,0.39,12/22/2019,1600,N,VIIRS,n,1.0NRT,285.8,5.6,N
-35.68716,137.05557,299.2,0.45,0.39,12/22/2019,1600,N,VIIRS,n,1.0NRT,285,2.5,N
-35.6865,137.05052,307.3,0.45,0.39,12/22/2019,1600,N,VIIRS,n,1.0NRT,286.3,1.7,N
-35.68943,137.1017,324.3,0.45,0.39,12/22/2019,1600,N,VIIRS,n,1.0NRT,287.8,1.9,N
-35.68585,137.04547,332.4,0.45,0.39,12/22/2019,1600,N,VIIRS,n,1.0NRT,288.5,1.7,N
-35.67741,137.03716,310.1,0.45,0.39,12/22/2019,1600,N,VIIRS,n,1.0NRT,286.3,1.1,N
-35.69006,137.10663,341.7,0.45,0.39,12/22/2019,1600,N,VIIRS,n,1.0NRT,289.3,5.6,N
-35.68226,137.0462,302.3,0.45,0.39,12/22/2019,1600,N,VIIRS,n,1.0NRT,285.4,1.7,N
-35.67805,137.04207,299.7,0.45,0.39,12/22/2019,1600,N,VIIRS,n,1.0NRT,286,1.1,N
-35.68422,137.06136,326.4,0.45,0.39,12/22/2019,1600,N,VIIRS,n,1.0NRT,286,2.5,N
-35.67868,137.04697,305.3,0.45,0.39,12/22/2019,1600,N,VIIRS,n,1.0NRT,285.7,0.5,N
-35.68357,137.05627,327.8,0.45,0.39,12/22/2019,1600,N,VIIRS,n,1.0NRT,285.7,2.5,N
-35.7305,137.01451,304.5,0.45,0.39,12/22/2019,1600,N,VIIRS,n,1.0NRT,285.1,1,N
-35.73496,137.04965,309.1,0.45,0.39,12/22/2019,1600,N,VIIRS,n,1.0NRT,285,1.6,N
-35.71972,137.01662,298.1,0.45,0.39,12/22/2019,1600,N,VIIRS,n,1.0NRT,286,1.2,N
-35.72035,137.02161,309.9,0.45,0.39,12/22/2019,1600,N,VIIRS,n,1.0NRT,285.6,0.9,N
-35.7269,137.0152,309.8,0.45,0.39,12/22/2019,1600,N,VIIRS,n,1.0NRT,285.6,1,N
-35.72331,137.0159,315.2,0.45,0.39,12/22/2019,1600,N,VIIRS,n,1.0NRT,285.6,1.2,N
-35.72395,137.0209,295.1,0.45,0.39,12/22/2019,1600,N,VIIRS,n,1.0NRT,284.1,0.9,N
-35.71866,137.03734,296.1,0.45,0.39,12/22/2019,1600,N,VIIRS,n,1.0NRT,284.9,0.7,N
-35.71782,137.08914,298.9,0.45,0.39,12/22/2019,1600,N,VIIRS,n,1.0NRT,283.9,0.6,N
-35.71676,137.02231,321.4,0.45,0.39,12/22/2019,1600,N,VIIRS,n,1.0NRT,285.6,2.9,N
-35.71803,137.03232,308,0.45,0.39,12/22/2019,1600,N,VIIRS,n,1.0NRT,285,0.7,N
-35.71317,137.02303,326.5,0.45,0.39,12/22/2019,1600,N,VIIRS,n,1.0NRT,286.2,2.9,N
-35.70599,137.02444,314.5,0.45,0.39,12/22/2019,1600,N,VIIRS,n,1.0NRT,285.8,2,N
-35.71421,137.08986,301.6,0.45,0.39,12/22/2019,1600,N,VIIRS,n,1.0NRT,285.1,0.6,N
-35.70958,137.02373,326.3,0.45,0.39,12/22/2019,1600,N,VIIRS,n,1.0NRT,286.6,2,N
-35.69963,137.06175,298.3,0.45,0.39,12/22/2019,1600,N,VIIRS,n,1.0NRT,284.4,5.6,N
-35.70046,137.09795,295.9,0.45,0.39,12/22/2019,1600,N,VIIRS,n,1.0NRT,285.6,4.3,N
-35.70467,137.10213,320.9,0.45,0.39,12/22/2019,1600,N,VIIRS,n,1.0NRT,286.7,4.3,N
-35.699,137.05678,318.3,0.45,0.39,12/22/2019,1600,N,VIIRS,n,1.0NRT,284.6,5.6,N
-35.69541,137.05748,353.2,0.45,0.39,12/22/2019,1600,N,VIIRS,n,1.0NRT,295.7,5.6,N
-35.69603,137.0625,336.6,0.45,0.39,12/22/2019,1600,N,VIIRS,n,1.0NRT,288.3,5.6,N
-35.70107,137.10286,335.3,0.45,0.39,12/22/2019,1600,N,VIIRS,n,1.0NRT,291.6,4.3,N
-35.70169,137.10783,328.6,0.45,0.39,12/22/2019,1600,N,VIIRS,n,1.0NRT,288.8,7.5,N
-35.69478,137.05247,333.4,0.45,0.39,12/22/2019,1600,N,VIIRS,n,1.0NRT,286.4,7.4,N
-35.76412,137.0183,297.7,0.45,0.39,12/22/2019,1600,N,VIIRS,n,1.0NRT,283.6,1.1,N
-35.69226,137.05655,295.9,0.39,0.36,12/23/2019,1542,N,VIIRS,n,1.0NRT,285.8,0.5,N
-35.69679,137.04189,343.4,0.39,0.36,12/23/2019,1542,N,VIIRS,n,1.0NRT,295.2,22.7,N
-35.70612,137.03503,312.3,0.39,0.36,12/23/2019,1542,N,VIIRS,n,1.0NRT,286.7,10.6,N
-35.7343,137.01184,297.2,0.39,0.36,12/23/2019,1542,N,VIIRS,n,1.0NRT,283.1,0.3,N
-35.71479,137.08705,307.7,0.39,0.36,12/23/2019,1542,N,VIIRS,n,1.0NRT,285.2,1.4,N
-35.71761,137.04118,295.2,0.39,0.36,12/23/2019,1542,N,VIIRS,n,1.0NRT,285.1,0.5,N
-35.73096,137.0127,298.2,0.39,0.36,12/23/2019,1542,N,VIIRS,n,1.0NRT,285.3,0.5,N
-35.73417,137.05257,298.1,0.39,0.36,12/23/2019,1542,N,VIIRS,n,1.0NRT,284.3,0.4,N
-35.71551,137.09137,319.9,0.39,0.36,12/23/2019,1542,N,VIIRS,n,1.0NRT,286.9,1.5,N
-35.70802,137.02551,315,0.39,0.36,12/23/2019,1542,N,VIIRS,n,1.0NRT,291.8,3.2,N
-35.71137,137.02466,303.4,0.39,0.36,12/23/2019,1542,N,VIIRS,n,1.0NRT,286.5,1.4,N
-35.71209,137.02902,316.2,0.39,0.36,12/23/2019,1542,N,VIIRS,n,1.0NRT,286.5,2.2,N
-35.71019,137.03854,351.8,0.39,0.36,12/23/2019,1542,N,VIIRS,n,1.0NRT,296.8,9.4,N
-35.71623,137.09569,304.1,0.39,0.36,12/23/2019,1542,N,VIIRS,n,1.0NRT,287.6,1.5,N
-35.71091,137.04288,324.6,0.39,0.36,12/23/2019,1542,N,VIIRS,n,1.0NRT,290.3,9.4,N
-35.70874,137.02985,356.2,0.39,0.36,12/23/2019,1542,N,VIIRS,n,1.0NRT,316.8,10.6,N
-35.70947,137.03419,367,0.39,0.36,12/23/2019,1542,N,VIIRS,h,1.0NRT,299.7,10.6,N
-35.70901,137.05238,322.7,0.39,0.36,12/23/2019,1542,N,VIIRS,n,1.0NRT,286.9,4.4,N
-35.69751,137.04622,346.7,0.39,0.36,12/23/2019,1542,N,VIIRS,n,1.0NRT,317.9,22.7,N
-35.7117,137.11041,301.9,0.39,0.36,12/23/2019,1542,N,VIIRS,n,1.0NRT,287.8,0.9,N
-35.70467,137.02635,303.1,0.39,0.36,12/23/2019,1542,N,VIIRS,n,1.0NRT,287.5,3.2,N
-35.70829,137.04805,335.2,0.39,0.36,12/23/2019,1542,N,VIIRS,n,1.0NRT,286.8,4.4,N
-35.70539,137.0307,346.4,0.39,0.36,12/23/2019,1542,N,VIIRS,n,1.0NRT,296.2,10.6,N
-35.70684,137.03937,344.2,0.39,0.36,12/23/2019,1542,N,VIIRS,n,1.0NRT,294.7,9.4,N
-35.70756,137.0437,349.2,0.39,0.36,12/23/2019,1542,N,VIIRS,n,1.0NRT,296,9.4,N
-35.71505,137.10957,309.3,0.39,0.36,12/23/2019,1542,N,VIIRS,n,1.0NRT,289.2,0.9,N
-35.70204,137.03154,332.8,0.39,0.36,12/23/2019,1542,N,VIIRS,n,1.0NRT,287.9,3.5,N
-35.71288,137.09653,312.9,0.39,0.36,12/23/2019,1542,N,VIIRS,n,1.0NRT,290.7,1.8,N
-35.71361,137.10089,313.2,0.39,0.36,12/23/2019,1542,N,VIIRS,n,1.0NRT,291.7,1.1,N
-35.71433,137.10522,310.6,0.39,0.36,12/23/2019,1542,N,VIIRS,n,1.0NRT,291,1.1,N
-35.71216,137.09219,331.6,0.39,0.36,12/23/2019,1542,N,VIIRS,n,1.0NRT,288.6,1.8,N
-35.70494,137.04887,349.8,0.39,0.36,12/23/2019,1542,N,VIIRS,n,1.0NRT,297.1,6.2,N
-35.70639,137.05756,317.5,0.39,0.36,12/23/2019,1542,N,VIIRS,n,1.0NRT,287.8,3,N
-35.70566,137.05321,330.7,0.39,0.36,12/23/2019,1542,N,VIIRS,n,1.0NRT,289.7,6.2,N
-35.71144,137.08788,328.4,0.39,0.36,12/23/2019,1542,N,VIIRS,n,1.0NRT,286.6,4,N
-35.69823,137.05055,329.6,0.39,0.36,12/23/2019,1542,N,VIIRS,n,1.0NRT,293.5,1.7,N
-35.70231,137.05403,324.8,0.39,0.36,12/23/2019,1542,N,VIIRS,n,1.0NRT,289.4,6.2,N
-35.71026,137.10172,302.7,0.39,0.36,12/23/2019,1542,N,VIIRS,n,1.0NRT,289.6,1.1,N
-35.71098,137.10608,301.8,0.39,0.36,12/23/2019,1542,N,VIIRS,n,1.0NRT,289.3,1.1,N
-35.70303,137.05838,332.2,0.39,0.36,12/23/2019,1542,N,VIIRS,n,1.0NRT,295.7,3,N
-35.70953,137.09735,299.3,0.39,0.36,12/23/2019,1542,N,VIIRS,n,1.0NRT,288.2,1.8,N
-35.70376,137.06274,332.7,0.39,0.36,12/23/2019,1542,N,VIIRS,n,1.0NRT,290.8,3,N
-35.70448,137.06706,302.4,0.39,0.36,12/23/2019,1542,N,VIIRS,n,1.0NRT,285.7,0.7,N
-35.69869,137.03238,330.6,0.39,0.36,12/23/2019,1542,N,VIIRS,n,1.0NRT,288.5,3.5,N
-35.70086,137.04536,346.9,0.39,0.36,12/23/2019,1542,N,VIIRS,n,1.0NRT,287.9,11.5,N
-35.70159,137.04971,340.6,0.39,0.36,12/23/2019,1542,N,VIIRS,n,1.0NRT,294.2,6.2,N
-35.69896,137.05486,319.8,0.39,0.36,12/23/2019,1542,N,VIIRS,n,1.0NRT,290.4,1.7,N
-35.69968,137.05922,312.2,0.39,0.36,12/23/2019,1542,N,VIIRS,n,1.0NRT,290.8,1.7,N
-35.70041,137.06357,316.9,0.39,0.36,12/23/2019,1542,N,VIIRS,n,1.0NRT,289.4,1.7,N
-35.69489,137.05138,309.6,0.39,0.36,12/23/2019,1542,N,VIIRS,n,1.0NRT,288.6,1.7,N
-35.70094,137.10855,305.9,0.39,0.36,12/23/2019,1542,N,VIIRS,n,1.0NRT,287,1,N
-35.70166,137.11288,305.3,0.39,0.36,12/23/2019,1542,N,VIIRS,n,1.0NRT,287.1,1,N
-35.70238,137.11722,305.5,0.39,0.36,12/23/2019,1542,N,VIIRS,n,1.0NRT,286.8,1,N
-35.69534,137.03322,333.5,0.39,0.36,12/23/2019,1542,N,VIIRS,n,1.0NRT,289.1,4.9,N
-35.69561,137.05569,298,0.39,0.36,12/23/2019,1542,N,VIIRS,n,1.0NRT,286.6,1.7,N
-35.70646,137.12074,300.1,0.39,0.36,12/23/2019,1542,N,VIIRS,n,1.0NRT,286.1,0.5,N
-35.69272,137.03839,338.9,0.39,0.36,12/23/2019,1542,N,VIIRS,n,1.0NRT,289.5,4.9,N
-35.70311,137.12158,309.4,0.39,0.36,12/23/2019,1542,N,VIIRS,n,1.0NRT,287.4,0.8,N
-35.69344,137.04274,367,0.39,0.36,12/23/2019,1542,N,VIIRS,h,1.0NRT,306.5,22.7,N
-35.69416,137.04704,336.7,0.39,0.36,12/23/2019,1542,N,VIIRS,n,1.0NRT,295.3,22.7,N
-35.69009,137.04358,350.9,0.39,0.36,12/23/2019,1542,N,VIIRS,n,1.0NRT,299.6,17.1,N
-35.69081,137.04791,341.4,0.39,0.36,12/23/2019,1542,N,VIIRS,n,1.0NRT,298.7,17.1,N
-35.69154,137.05222,296.4,0.39,0.36,12/23/2019,1542,N,VIIRS,n,1.0NRT,286.1,0.5,N
-35.68601,137.04007,334.1,0.39,0.36,12/23/2019,1542,N,VIIRS,n,1.0NRT,289.6,13.2,N
-35.69976,137.12241,296.9,0.39,0.36,12/23/2019,1542,N,VIIRS,n,1.0NRT,286.1,0.8,N
-35.68937,137.03922,344.3,0.39,0.36,12/23/2019,1542,N,VIIRS,n,1.0NRT,297.6,13.2,N
-35.69759,137.10938,303.7,0.39,0.36,12/23/2019,1542,N,VIIRS,n,1.0NRT,287.3,1,N
-35.69831,137.11371,311.2,0.39,0.36,12/23/2019,1542,N,VIIRS,n,1.0NRT,287.6,1,N
-35.69904,137.11806,310.3,0.39,0.36,12/23/2019,1542,N,VIIRS,n,1.0NRT,287.5,1,N
-35.69497,137.11456,317.2,0.39,0.36,12/23/2019,1542,N,VIIRS,n,1.0NRT,287.3,1.4,N
-35.69424,137.11021,305.1,0.39,0.36,12/23/2019,1542,N,VIIRS,n,1.0NRT,286.7,0.9,N
-35.68755,137.11192,317.6,0.39,0.36,12/23/2019,1542,N,VIIRS,n,1.0NRT,288,1.2,N
-35.68827,137.11626,296.8,0.39,0.36,12/23/2019,1542,N,VIIRS,n,1.0NRT,285.7,0.4,N
-35.69017,137.10672,301.1,0.39,0.36,12/23/2019,1542,N,VIIRS,n,1.0NRT,285.9,0.9,N
-35.6909,137.11107,310.6,0.39,0.36,12/23/2019,1542,N,VIIRS,n,1.0NRT,287.5,0.9,N
-35.69162,137.11539,314.2,0.39,0.36,12/23/2019,1542,N,VIIRS,n,1.0NRT,287,1.4,N
-35.68682,137.10756,306.2,0.39,0.36,12/23/2019,1542,N,VIIRS,n,1.0NRT,286.6,1.2,N
-35.63828,137.42723,302.4,0.39,0.36,12/23/2019,1542,N,VIIRS,n,1.0NRT,284.7,0.5,N
-35.69482,137.04121,334,0.52,0.5,12/24/2019,406,N,VIIRS,n,1.0NRT,307.1,10.3,D
-35.6953,137.03542,353.4,0.52,0.5,12/24/2019,406,N,VIIRS,n,1.0NRT,312.7,10.3,D
-35.68491,137.10448,343.8,0.52,0.5,12/24/2019,406,N,VIIRS,n,1.0NRT,309,8.2,D
-35.68826,137.06367,339.3,0.52,0.5,12/24/2019,406,N,VIIRS,n,1.0NRT,308.6,10.7,D
-35.65257,137.43604,340,0.5,0.49,12/24/2019,406,N,VIIRS,l,1.0NRT,311.3,5.3,D
-35.71429,137.09094,346.1,0.52,0.5,12/24/2019,406,N,VIIRS,n,1.0NRT,306.9,8.1,D
-35.69949,137.04181,355.8,0.52,0.5,12/24/2019,406,N,VIIRS,n,1.0NRT,317.4,10.3,D
-35.70045,137.03015,343.2,0.52,0.5,12/24/2019,406,N,VIIRS,n,1.0NRT,308.5,10.4,D
-35.70689,137.06657,345.3,0.52,0.5,12/24/2019,406,N,VIIRS,n,1.0NRT,308.4,13.6,D
-35.70272,137.05998,349.8,0.52,0.5,12/24/2019,406,N,VIIRS,n,1.0NRT,310.5,13.6,D
-35.70513,137.03078,355.2,0.52,0.5,12/24/2019,406,N,VIIRS,n,1.0NRT,318.3,12.1,D
-35.69997,137.03604,367,0.52,0.5,12/24/2019,406,N,VIIRS,h,1.0NRT,319.3,10.3,D
-35.70321,137.05405,337.8,0.52,0.5,12/24/2019,406,N,VIIRS,n,1.0NRT,306.2,20.9,D
-35.70417,137.0424,355.6,0.52,0.5,12/24/2019,406,N,VIIRS,n,1.0NRT,325.6,29.2,D
-35.70369,137.04819,345.7,0.52,0.5,12/24/2019,406,N,VIIRS,n,1.0NRT,308.3,20.9,D
-35.70738,137.06073,338.1,0.52,0.5,12/24/2019,406,N,VIIRS,n,1.0NRT,302,13.6,D
-35.70981,137.03139,349,0.52,0.5,12/24/2019,406,N,VIIRS,n,1.0NRT,309,12.1,D
-35.70223,137.06586,335.2,0.52,0.5,12/24/2019,406,N,VIIRS,l,1.0NRT,307.9,13.6,D
-35.70465,137.03664,367,0.52,0.5,12/24/2019,406,N,VIIRS,h,1.0NRT,314.9,29.2,D
-35.70835,137.04893,354.9,0.52,0.5,12/24/2019,406,N,VIIRS,n,1.0NRT,312.5,20.9,D
-35.70932,137.03726,352.3,0.52,0.5,12/24/2019,406,N,VIIRS,n,1.0NRT,309.4,29.2,D
-35.70884,137.04309,346,0.52,0.5,12/24/2019,406,N,VIIRS,n,1.0NRT,309.8,29.2,D
-35.73641,137.05234,341.9,0.52,0.5,12/24/2019,406,N,VIIRS,n,1.0NRT,303.1,7,D
-35.72754,137.04547,350.5,0.52,0.5,12/24/2019,406,N,VIIRS,n,1.0NRT,302.1,27,D
-35.73172,137.05186,345.1,0.52,0.5,12/24/2019,406,N,VIIRS,n,1.0NRT,305,7,D
-35.75804,137.04507,340.3,0.52,0.5,12/24/2019,406,N,VIIRS,n,1.0NRT,307.8,9.8,D
-35.75611,137.04286,337,0.52,0.5,12/24/2019,406,N,VIIRS,l,1.0NRT,311.3,6.2,D
-35.73372,137.05396,342.3,0.52,0.5,12/24/2019,406,N,VIIRS,n,1.0NRT,306.6,16.5,D
-35.92516,137.04178,337.9,0.52,0.5,12/24/2019,406,N,VIIRS,n,1.0NRT,307.5,6.4,D
-35.73317,137.04727,367,0.67,0.74,12/24/2019,542,N,VIIRS,h,1.0NRT,296.7,20.9,D
-35.70298,137.12006,336,0.68,0.74,12/24/2019,542,N,VIIRS,n,1.0NRT,297.9,2.2,D
-35.70435,137.04321,330.8,0.67,0.74,12/24/2019,542,N,VIIRS,n,1.0NRT,295.4,8.3,D
-35.72663,137.04413,344.5,0.67,0.74,12/24/2019,542,N,VIIRS,n,1.0NRT,294.6,3.6,D
-35.70866,137.0535,333.3,0.67,0.74,12/24/2019,542,N,VIIRS,n,1.0NRT,293,8.5,D
-35.70588,137.0405,333.3,0.67,0.74,12/24/2019,548,N,VIIRS,n,1.0NRT,295.5,10.1,D
-35.7168,137.03415,302.9,0.57,0.43,12/24/2019,1524,N,VIIRS,n,1.0NRT,289.9,1.5,N
-35.73771,137.05391,312.7,0.56,0.43,12/24/2019,1524,N,VIIRS,n,1.0NRT,287.3,1.2,N
-35.71548,137.04782,299.6,0.56,0.43,12/24/2019,1524,N,VIIRS,n,1.0NRT,289.2,4,N
-35.71417,137.0416,306.4,0.56,0.43,12/24/2019,1524,N,VIIRS,n,1.0NRT,290.5,2.6,N
-35.71154,137.04903,329.5,0.56,0.43,12/24/2019,1524,N,VIIRS,n,1.0NRT,293.1,4,N
-35.71285,137.05525,329.4,0.56,0.43,12/24/2019,1524,N,VIIRS,n,1.0NRT,291.5,4,N
-35.70759,137.05017,304.8,0.56,0.43,12/24/2019,1524,N,VIIRS,n,1.0NRT,291.8,3.5,N
-35.7089,137.05641,333.9,0.56,0.43,12/24/2019,1524,N,VIIRS,n,1.0NRT,292.6,3.5,N
-35.70628,137.04393,302.1,0.56,0.43,12/24/2019,1524,N,VIIRS,n,1.0NRT,290.6,2.7,N
-35.67581,137.02077,329.3,0.57,0.43,12/24/2019,1524,N,VIIRS,n,1.0NRT,292.6,7.3,N
-35.70855,137.05771,318.5,0.56,0.43,12/24/2019,1524,N,VIIRS,n,1.0NRT,291.9,3.5,N
-35.70727,137.05142,317.7,0.56,0.43,12/24/2019,1524,N,VIIRS,n,1.0NRT,292.2,3.7,N
-35.67714,137.02722,317.2,0.57,0.43,12/24/2019,1524,N,VIIRS,n,1.0NRT,290.6,3.8,N
-35.67178,137.02159,329,0.57,0.43,12/24/2019,1524,N,VIIRS,n,1.0NRT,292.6,7.3,N
-35.67312,137.02805,325.9,0.57,0.43,12/24/2019,1524,N,VIIRS,n,1.0NRT,291.3,3.8,N
-35.70642,137.05669,367,0.48,0.65,12/25/2019,348,N,VIIRS,h,1.0NRT,301.6,8.6,D
-35.67741,137.02029,334.4,0.48,0.65,12/25/2019,348,N,VIIRS,l,1.0NRT,305.6,4.5,D
-35.70374,137.11659,334.1,0.47,0.64,12/25/2019,348,N,VIIRS,l,1.0NRT,304.5,3.2,D
-35.67718,137.02582,345,0.48,0.65,12/25/2019,348,N,VIIRS,n,1.0NRT,303.9,3.9,D
-35.71741,137.09187,340.2,0.48,0.64,12/25/2019,348,N,VIIRS,n,1.0NRT,300.5,2.7,D
-35.73716,137.05316,367,0.48,0.65,12/25/2019,348,N,VIIRS,h,1.0NRT,309.6,29.5,D
-35.71714,137.09003,335.4,0.48,0.64,12/25/2019,348,N,VIIRS,n,1.0NRT,301.7,4.8,D
-35.73743,137.04958,342.1,0.48,0.65,12/25/2019,348,N,VIIRS,n,1.0NRT,301.2,17,D
-35.73721,137.05504,367,0.48,0.65,12/25/2019,348,N,VIIRS,h,1.0NRT,307.7,17,D
-35.67961,137.02353,346.8,0.39,0.59,12/25/2019,524,N,VIIRS,n,1.0NRT,307.3,7.1,D
-35.6728,137.0271,367,0.39,0.59,12/25/2019,524,N,VIIRS,h,1.0NRT,305.3,7.1,D
-35.67161,137.03165,337.6,0.39,0.59,12/25/2019,524,N,VIIRS,n,1.0NRT,301.7,9,D
-35.73576,137.05367,367,0.39,0.59,12/25/2019,524,N,VIIRS,h,1.0NRT,310.4,19.2,D
-35.73689,137.04938,350.7,0.38,0.59,12/25/2019,524,N,VIIRS,n,1.0NRT,301.4,10.7,D
-35.71559,137.08865,331.1,0.39,0.59,12/25/2019,524,N,VIIRS,l,1.0NRT,302.7,0.9,D
-35.7148,137.08827,334.6,0.39,0.59,12/25/2019,524,N,VIIRS,n,1.0NRT,302.6,2.6,D
-35.72646,137.04846,303.3,0.33,0.55,12/25/2019,1506,N,VIIRS,n,1.0NRT,286.4,0.6,N
-35.72555,137.04486,300.1,0.33,0.55,12/25/2019,1506,N,VIIRS,n,1.0NRT,285.7,0.6,N
-35.72056,137.04677,304.8,0.33,0.55,12/25/2019,1506,N,VIIRS,n,1.0NRT,287.1,0.6,N
-35.7128,137.03778,306.7,0.33,0.55,12/25/2019,1506,N,VIIRS,n,1.0NRT,286.7,1,N
-35.72147,137.05037,300.4,0.33,0.55,12/25/2019,1506,N,VIIRS,n,1.0NRT,286.5,0.6,N
-35.71464,137.04504,300.6,0.33,0.55,12/25/2019,1506,N,VIIRS,n,1.0NRT,286.9,1.2,N
-35.71556,137.04866,310.7,0.33,0.55,12/25/2019,1506,N,VIIRS,n,1.0NRT,287.2,1.7,N
-35.71239,137.05772,305.8,0.33,0.55,12/25/2019,1506,N,VIIRS,n,1.0NRT,286.9,0.9,N
-35.67682,137.03706,346.2,0.44,0.46,12/26/2019,506,N,VIIRS,n,1.0NRT,317.2,13,D
-35.68957,137.04041,344.1,0.44,0.46,12/26/2019,506,N,VIIRS,n,1.0NRT,311.1,4.5,D
-35.7107,137.03868,348,0.42,0.37,12/27/2019,448,N,VIIRS,n,1.0NRT,315.1,11.5,D
-35.71803,137.08273,342.2,0.42,0.37,12/27/2019,448,N,VIIRS,l,1.0NRT,316.2,11.6,D
-35.7177,137.09183,348.2,0.41,0.37,12/28/2019,430,N,VIIRS,l,1.0NRT,313.5,36.1,D
-35.71486,137.08659,350.7,0.41,0.37,12/28/2019,430,N,VIIRS,l,1.0NRT,313.7,15.3,D
